Alumni Employment,Broad Impact,Citations,Country,Influence,institution,National Rank,Patents,Publications,Quality Of Education,Quality Of Faculty,Score,world_rank,Latitude (generated),Longitude (generated)
567,109,161,USA,91,Yeshiva University,76,128,195,200,218,48.11,171,40.0792,-98.8164
26,20,35,USA,8,Yale University,9,49,18,10,11,86.61,11,40.0792,-98.8164
567,770,812,USA,805,Wright State University - Dayton,217,824,810,367,218,44.2,833,40.0792,-98.8164
178,437,428,USA,409,West Virginia University,145,617,441,328,218,45.02,441,40.0792,-98.8164
61,850,812,USA,506,Wesleyan University,124,871,983,154,218,45.48,351,40.0792,-98.8164
183,176,125,USA,258,Wayne State University,82,117,189,367,218,47.67,189,40.0792,-98.8164
96,17,29,USA,21,Washington University in St. Louis,35,169,41,101,71,55.03,52,40.0792,-98.8164
301,362,428,USA,234,"Washington State University, Pullman",132,298,334,367,131,45.29,380,40.0792,-98.8164
83,125,128,USA,244,Wake Forest University,73,124,249,265,218,48.52,159,40.0792,-98.8164
152,285,234,USA,264,Virginia Polytechnic Institute and State University,98,181,201,283,218,46.46,256,40.0792,-98.8164
403,213,321,USA,253,Virginia Commonwealth University,100,206,264,367,150,46.43,259,40.0792,-98.8164
94,41,59,USA,62,Vanderbilt University,43,51,55,87,110,53.05,69,40.0792,-98.8164
352,565,368,USA,414,Utah State University,171,371,564,166,218,44.59,566,40.0792,-98.8164
230,457,321,USA,316,University of Wyoming,151,380,534,367,218,44.89,466,40.0792,-98.8164
248,503,511,USA,491,University of Wisconsin–Milwaukee,161,871,516,229,218,44.74,510,40.0792,-98.8164
29,27,22,USA,24,University of Wisconsin–Madison,18,27,21,29,34,64.51,25,40.0792,-98.8164
103,5,10,USA,10,University of Washington - Seattle,23,40,9,48,41,60.61,31,40.0792,-98.8164
20,90,88,USA,74,University of Virginia,26,97,94,209,126,56.73,41,40.0792,-98.8164
256,285,368,USA,288,University of Vermont,119,397,357,198,218,45.7,324,40.0792,-98.8164
105,90,101,USA,65,University of Utah,44,19,97,97,67,52.89,70,40.0792,-98.8164
567,606,812,USA,555,University of Toledo,177,220,618,367,218,44.53,592,40.0792,-98.8164
567,40,78,USA,30,University of Texas Southwestern Medical Center,46,173,131,59,35,52.5,75,40.0792,-98.8164
567,324,321,USA,311,University of Texas Medical Branch at Galveston,131,333,401,367,218,45.3,378,40.0792,-98.8164
567,29,42,USA,72,University of Texas MD Anderson Cancer Center,53,71,93,367,80,51.51,90,40.0792,-98.8164
567,140,197,USA,229,University of Texas Health Science Center at San Antonio,94,315,314,367,218,46.88,234,40.0792,-98.8164
567,190,212,USA,162,University of Texas Health Science Center at Houston,95,337,257,367,155,46.56,249,40.0792,-98.8164
567,216,197,USA,376,University of Texas at San Antonio,112,254,445,367,218,46.1,291,40.0792,-98.8164
442,906,812,USA,838,University of Texas at El Paso,228,706,910,367,218,44.1,929,40.0792,-98.8164
159,49,59,USA,151,University of Texas at Dallas,66,313,250,367,218,49.05,139,40.0792,-98.8164
36,71,26,USA,50,University of Texas at Austin,22,38,48,75,25,61.14,30,40.0792,-98.8164
567,565,511,USA,532,University of Texas at Arlington,185,462,492,367,218,44.47,626,40.0792,-98.8164
117,219,197,USA,187,"University of Tennessee, Knoxville",92,449,196,319,218,46.96,227,40.0792,-98.8164
567,850,812,USA,853,University of Southern Mississippi,225,676,913,367,218,44.13,901,40.0792,-98.8164
62,56,101,USA,64,University of Southern California,34,34,57,152,39,55.12,51,40.0792,-98.8164
418,164,197,USA,251,University of South Florida - Tampa,83,70,233,367,218,47.66,190,40.0792,-98.8164
299,273,146,USA,367,University of South Carolina - Columbia,115,649,262,367,185,45.95,300,40.0792,-98.8164
567,796,812,USA,784,University of South Alabama,219,464,979,367,218,44.19,844,40.0792,-98.8164
53,79,68,USA,118,University of Rochester,49,64,114,72,113,52.03,81,40.0792,-98.8164
265,637,511,USA,385,University of Rhode Island,180,472,664,367,218,44.5,606,40.0792,-98.8164
169,24,21,USA,57,University of Pittsburgh - Pittsburgh Campus,29,50,25,79,218,55.63,46,40.0792,-98.8164
4,9,14,USA,18,University of Pennsylvania,11,14,8,20,28,77.6,14,40.0792,-98.8164
567,295,161,USA,217,University of Oregon,122,729,378,346,218,45.55,339,40.0792,-98.8164
567,375,511,USA,461,University of Oklahoma Health Sciences Center,153,482,580,367,218,44.86,476,40.0792,-98.8164
150,362,234,USA,240,University of Oklahoma - Norman Campus,123,474,383,367,218,45.49,350,40.0792,-98.8164
24,235,182,USA,242,University of Notre Dame,47,352,242,221,155,52.27,77,40.0792,-98.8164
567,715,645,USA,636,"University of North Texas, Denton",209,554,675,367,218,44.27,778,40.0792,-98.8164
567,867,812,USA,731,University of North Dakota,227,606,917,367,218,44.12,913,40.0792,-98.8164
567,850,645,USA,825,University of North Carolina at Greensboro,224,575,899,367,218,44.13,897,40.0792,-98.8164
310,826,511,USA,662,University of North Carolina at Charlotte,212,593,741,367,218,44.25,794,40.0792,-98.8164
69,21,19,USA,32,University of North Carolina at Chapel Hill,25,41,32,124,86,57.09,40,40.0792,-98.8164
567,511,428,USA,840,University of New Orleans,182,871,944,367,218,44.5,609,40.0792,-98.8164
567,147,82,USA,170,University of New Mexico,78,100,223,367,218,47.95,181,40.0792,-98.8164
318,362,234,USA,273,University of New Hampshire,126,596,531,367,79,45.42,359,40.0792,-98.8164
364,381,264,USA,382,"University of Nevada, Reno",148,708,542,367,218,44.93,454,40.0792,-98.8164
448,622,812,USA,473,"University of Nevada, Las Vegas",195,861,640,367,218,44.38,687,40.0792,-98.8164
207,311,234,USA,262,University of Nebraska–Lincoln,117,456,278,165,218,45.8,314,40.0792,-98.8164
365,396,428,USA,606,University of Nebraska Omaha,157,871,704,367,218,44.81,489,40.0792,-98.8164
567,344,368,USA,399,University of Nebraska Medical Center,136,253,463,367,218,45.16,399,40.0792,-98.8164
567,503,428,USA,315,University of Montana - Missoula,174,702,713,353,218,44.54,585,40.0792,-98.8164
371,715,428,USA,524,University of Missouri–St. Louis,203,634,897,367,218,44.3,748,40.0792,-98.8164
480,471,645,USA,447,University of Missouri–Kansas City,169,687,634,311,218,44.61,554,40.0792,-98.8164
88,242,161,USA,226,University of Missouri–Columbia,84,150,222,250,98,47.59,194,40.0792,-98.8164
567,671,511,USA,504,University of Mississippi Medical Center,205,871,775,367,218,44.29,754,40.0792,-98.8164
567,424,428,USA,851,University of Mississippi - Oxford Campus,164,611,508,367,218,44.7,522,40.0792,-98.8164
130,28,31,USA,40,"University of Minnesota, Twin Cities",31,59,23,63,63,55.51,48,40.0792,-98.8164
17,14,6,USA,20,"University of Michigan, Ann Arbor",15,12,3,24,140,68.36,19,40.0792,-98.8164
241,112,82,USA,130,University of Miami,64,73,159,367,218,49.09,137,40.0792,-98.8164
382,741,511,USA,640,University of Memphis,202,394,782,367,218,44.3,746,40.0792,-98.8164
567,122,234,USA,76,University of Massachusetts Medical School,79,143,296,367,80,47.85,183,40.0792,-98.8164
528,946,321,USA,943,University of Massachusetts Lowell,222,304,936,367,218,44.15,884,40.0792,-98.8164
429,796,428,USA,698,University of Massachusetts Boston,215,824,846,367,218,44.21,825,40.0792,-98.8164
141,200,212,USA,191,University of Massachusetts Amherst,91,356,198,212,159,47.05,219,40.0792,-98.8164
210,67,39,USA,47,"University of Maryland, College Park",45,280,58,68,43,52.72,72,40.0792,-98.8164
567,402,428,USA,391,"University of Maryland, Baltimore County",158,423,587,367,218,44.8,493,40.0792,-98.8164
567,116,197,USA,112,"University of Maryland, Baltimore",77,180,125,367,218,48.05,175,40.0792,-98.8164
567,637,368,USA,427,"University of Maine, Orono",194,346,788,345,218,44.4,668,40.0792,-98.8164
484,300,368,USA,405,University of Louisville,114,105,338,367,218,45.97,298,40.0792,-98.8164
290,231,321,USA,216,University of Kentucky,103,447,182,332,218,46.37,267,40.0792,-98.8164
91,235,161,USA,161,University of Kansas,85,127,212,228,218,47.52,196,40.0792,-98.8164
296,112,115,USA,83,University of Iowa,67,121,103,233,167,49.01,141,40.0792,-98.8164
75,74,42,USA,48,University of Illinois at Urbana–Champaign,24,65,40,33,21,59.94,33,40.0792,-98.8164
541,179,287,USA,196,University of Illinois at Chicago,88,129,126,367,218,47.39,203,40.0792,-98.8164
567,579,511,USA,417,University of Idaho,190,469,664,367,218,44.42,655,40.0792,-98.8164
42,349,511,USA,257,University of Houston,80,156,310,367,218,47.83,184,40.0792,-98.8164
435,457,368,USA,213,University of Hawaii at Manoa,156,490,448,367,153,44.82,488,40.0792,-98.8164
188,256,234,USA,132,University of Georgia,86,82,181,93,172,47.5,198,40.0792,-98.8164
276,59,46,USA,73,University of Florida,38,5,37,214,96,54.18,60,40.0792,-98.8164
101,590,511,USA,522,University of Denver,142,760,901,312,218,45.08,428,40.0792,-98.8164
337,292,234,USA,304,University of Delaware,109,120,272,318,135,46.21,281,40.0792,-98.8164
90,781,511,USA,818,University of Dayton,147,675,988,348,218,44.99,445,40.0792,-98.8164
259,190,197,USA,193,University of Connecticut,90,186,168,296,218,47.06,218,40.0792,-98.8164
567,66,128,USA,110,University of Colorado Denver,63,72,135,367,140,49.48,127,40.0792,-98.8164
67,74,45,USA,38,University of Colorado Boulder,37,133,96,80,31,54.62,54,40.0792,-98.8164
86,127,128,USA,171,University of Cincinnati,72,263,150,188,218,48.56,157,40.0792,-98.8164
14,22,12,USA,16,University of Chicago,6,141,17,11,8,90.7,8,40.0792,-98.8164
501,381,511,USA,386,University of Central Florida,135,159,381,367,218,45.18,394,40.0792,-98.8164
567,99,115,USA,49,"University of California, Santa Cruz",71,183,243,175,100,48.59,154,40.0792,-98.8164
280,55,46,USA,59,"University of California, Santa Barbara",40,77,111,133,29,53.63,64,40.0792,-98.8164
567,11,15,USA,7,"University of California, San Francisco",19,56,22,367,20,63.69,26,40.0792,-98.8164
567,15,15,USA,5,"University of California, San Diego",16,17,16,36,19,66.59,21,40.0792,-98.8164
567,169,161,USA,113,"University of California, Riverside",89,194,209,247,218,47.13,214,40.0792,-98.8164
567,906,812,USA,540,"University of California, Merced",229,491,899,367,218,44.09,936,40.0792,-98.8164
27,6,8,USA,14,"University of California, Los Angeles",12,9,6,28,13,76.91,15,40.0792,-98.8164
567,54,68,USA,51,"University of California, Irvine",52,162,78,227,44,51.51,89,40.0792,-98.8164
227,52,35,USA,33,"University of California, Davis",36,62,29,54,59,54.85,53,40.0792,-98.8164
21,7,4,USA,4,"University of California, Berkeley",5,29,10,5,6,92.25,7,40.0792,-98.8164
567,344,812,USA,565,University of Arkansas for Medical Sciences,143,340,501,367,218,45.08,429,40.0792,-98.8164
345,520,645,USA,571,University of Arkansas - Fayetteville,168,409,517,204,218,44.62,550,40.0792,-98.8164
55,49,31,USA,39,University of Arizona,42,235,74,139,87,53.26,68,40.0792,-98.8164
420,520,511,USA,373,University of Alaska Fairbanks,176,792,642,367,218,44.53,591,40.0792,-98.8164
567,659,645,USA,432,University of Alabama in Huntsville,204,805,921,367,218,44.3,752,40.0792,-98.8164
567,71,128,USA,124,University of Alabama at Birmingham,70,130,141,367,218,48.79,146,40.0792,-98.8164
140,471,368,USA,490,University of Alabama - Tuscaloosa,138,314,511,325,218,45.14,409,40.0792,-98.8164
400,606,645,USA,653,University of Akron,165,166,656,367,218,44.65,543,40.0792,-98.8164
398,235,287,USA,298,"University at Buffalo, The State University of New York",106,237,203,367,218,46.3,273,40.0792,-98.8164
567,353,212,USA,374,"University at Albany, SUNY",134,531,411,180,165,45.22,388,40.0792,-98.8164
144,251,264,USA,299,Tulane University,105,258,365,324,218,46.31,272,40.0792,-98.8164
48,85,93,USA,160,Tufts University,54,84,166,60,182,51.22,95,40.0792,-98.8164
567,179,161,USA,334,Thomas Jefferson University,97,502,333,158,218,46.47,254,40.0792,-98.8164
407,809,511,USA,596,The Catholic University of America,216,674,947,367,218,44.2,832,40.0792,-98.8164
184,511,287,USA,618,Texas Tech University (TTU),152,809,455,367,218,44.87,469,40.0792,-98.8164
108,143,88,USA,98,"Texas A&M University, College Station",56,201,77,339,46,50.43,102,40.0792,-98.8164
567,558,645,USA,440,Texas A&M Health Science Center,183,336,672,367,218,44.49,616,40.0792,-98.8164
553,349,511,USA,349,Temple University,133,211,326,272,218,45.29,381,40.0792,-98.8164
221,495,428,USA,494,Syracuse University,150,392,453,138,218,44.91,463,40.0792,-98.8164
567,437,511,USA,446,SUNY Downstate Medical Center,162,660,756,367,155,44.72,516,40.0792,-98.8164
567,134,93,USA,84,Stony Brook University,65,96,173,186,58,49.09,138,40.0792,-98.8164
567,549,428,USA,632,State University of New York Upstate Medical University,186,598,774,367,218,44.45,635,40.0792,-98.8164
2,4,3,USA,3,Stanford University,2,10,5,9,4,98.66,2,40.0792,-98.8164
28,646,368,USA,655,Southern Methodist University,68,824,624,179,218,48.99,142,40.0792,-98.8164
533,520,812,USA,512,Southern Illinois University Carbondale,175,588,591,208,218,44.53,590,40.0792,-98.8164
567,622,511,USA,572,San Francisco State University,197,871,864,271,218,44.35,712,40.0792,-98.8164
204,339,264,USA,302,San Diego State University,128,509,467,248,218,45.41,361,40.0792,-98.8164
261,330,428,USA,293,Saint Louis University,129,286,458,367,202,45.39,364,40.0792,-98.8164
567,637,645,USA,515,"Rutgers, The State University of New Jersey - Newark",201,871,832,367,218,44.33,723,40.0792,-98.8164
40,89,46,USA,66,Rutgers University-New Brunswick,33,61,100,91,37,55.23,50,40.0792,-98.8164
567,260,197,USA,404,Rush University,118,871,427,367,218,45.71,323,40.0792,-98.8164
567,70,115,USA,28,Rockefeller University,21,289,372,49,12,61.28,29,40.0792,-98.8164
431,671,287,USA,643,Rochester Institute of Technology,196,587,905,367,218,44.35,710,40.0792,-98.8164
161,130,59,USA,150,Rice University,61,76,255,52,95,49.73,120,40.0792,-98.8164
142,292,182,USA,346,Rensselaer Polytechnic Institute,110,210,402,137,218,46.19,282,40.0792,-98.8164
374,886,812,USA,690,"Queens College, City University of New York",223,729,977,323,218,44.14,893,40.0792,-98.8164
33,117,68,USA,95,"Purdue University, West Lafayette",27,28,75,55,47,56.39,43,40.0792,-98.8164
15,33,24,USA,25,Princeton University,7,225,72,4,3,89.42,9,40.0792,-98.8164
245,741,812,USA,548,Portland State University,192,484,800,367,218,44.41,661,40.0792,-98.8164
44,38,28,USA,43,"Pennsylvania State University, University Park",30,92,49,230,62,55.54,47,40.0792,-98.8164
239,235,161,USA,148,Oregon State University,101,389,263,189,218,46.42,260,40.0792,-98.8164
567,105,125,USA,115,Oregon Health & Science University,75,144,184,367,128,48.23,166,40.0792,-98.8164
567,590,511,USA,590,Old Dominion University,191,379,719,367,218,44.42,656,40.0792,-98.8164
153,471,428,USA,648,Oklahoma State University–Stillwater,139,303,447,239,218,45.13,412,40.0792,-98.8164
174,565,812,USA,472,Ohio University,149,224,590,205,218,44.91,460,40.0792,-98.8164
87,38,31,USA,52,"Ohio State University, Columbus",32,44,28,96,82,55.39,49,40.0792,-98.8164
567,850,812,USA,810,Oakland University,226,871,888,367,218,44.13,906,40.0792,-98.8164
12,26,27,USA,34,Northwestern University,17,42,27,163,104,66.56,22,40.0792,-98.8164
284,671,321,USA,661,Northern Illinois University,187,621,669,367,218,44.44,643,40.0792,-98.8164
537,686,645,USA,489,Northern Arizona University,208,609,939,367,218,44.28,766,40.0792,-98.8164
125,362,264,USA,312,Northeastern University,108,86,370,316,218,46.29,275,40.0792,-98.8164
567,770,812,USA,790,North Dakota State University - Main Campus,211,871,702,172,218,44.25,792,40.0792,-98.8164
228,242,182,USA,206,North Carolina State University,93,161,157,251,218,46.89,232,40.0792,-98.8164
22,32,46,USA,29,New York University,14,43,47,32,18,68.39,18,40.0792,-98.8164
567,437,812,USA,622,New York Medical College,166,719,752,367,218,44.64,546,40.0792,-98.8164
432,424,321,USA,585,New Mexico State University,163,871,711,367,218,44.71,519,40.0792,-98.8164
472,741,812,USA,670,New Jersey Institute of Technology,206,391,791,259,218,44.28,761,40.0792,-98.8164
477,495,287,USA,323,Montana State University - Bozeman,170,744,575,367,218,44.61,556,40.0792,-98.8164
246,826,645,USA,923,Missouri University of Science and Technology,199,592,718,367,218,44.34,718,40.0792,-98.8164
220,754,645,USA,608,Mississippi State University,181,566,605,155,218,44.5,607,40.0792,-98.8164
467,741,428,USA,769,Michigan Technological University,210,581,794,341,218,44.25,790,40.0792,-98.8164
162,111,65,USA,123,Michigan State University,60,136,88,112,218,49.74,118,40.0792,-98.8164
102,659,511,USA,543,Miami University,146,871,715,367,218,45,444,40.0792,-98.8164
567,231,287,USA,364,Medical University of South Carolina,116,508,316,367,218,45.94,303,40.0792,-98.8164
567,219,321,USA,284,Medical College of Wisconsin,113,659,337,367,218,45.97,297,40.0792,-98.8164
11,2,2,USA,2,Massachusetts Institute of Technology,3,1,15,3,2,97.54,3,40.0792,-98.8164
201,896,812,USA,785,Marquette University,198,682,912,367,218,44.34,717,40.0792,-98.8164
567,503,645,USA,544,LSU Health Sciences Center New Orleans,178,661,823,367,218,44.52,600,40.0792,-98.8164
366,353,511,USA,438,Loyola University Chicago,144,713,522,367,218,45.03,437,40.0792,-98.8164
197,754,428,USA,871,Louisiana Tech University,184,792,969,367,218,44.47,625,40.0792,-98.8164
177,353,197,USA,215,Louisiana State University - Baton Rouge,121,458,292,270,218,45.61,332,40.0792,-98.8164
567,565,645,USA,755,Loma Linda University,193,555,848,367,218,44.41,665,40.0792,-98.8164
47,511,511,USA,542,Lehigh University,102,534,615,367,218,46.4,264,40.0792,-98.8164
567,486,511,USA,436,Kent State University,173,498,610,367,218,44.58,571,40.0792,-98.8164
229,358,212,USA,320,Kansas State University,125,294,373,130,218,45.47,353,40.0792,-98.8164
84,3,5,USA,11,Johns Hopkins University,13,2,4,18,16,71.6,16,40.0792,-98.8164
186,184,82,USA,178,Iowa State University,81,339,151,286,109,47.71,187,40.0792,-98.8164
492,122,125,USA,190,Indiana University-Purdue University Indianapolis,74,79,187,367,218,48.28,164,40.0792,-98.8164
35,190,161,USA,143,Indiana University - Bloomington,58,178,180,134,178,50.26,106,40.0792,-98.8164
114,715,511,USA,713,Illinois Institute of Technology,154,861,784,274,218,44.85,480,40.0792,-98.8164
567,63,161,USA,71,Icahn School of Medicine at Mount Sinai,69,101,160,367,218,48.96,143,40.0792,-98.8164
438,826,812,USA,610,Hunter College,220,805,822,261,218,44.18,850,40.0792,-98.8164
567,699,511,USA,665,Howard University,200,296,934,294,218,44.33,719,40.0792,-98.8164
1,1,1,USA,1,Harvard University,1,3,1,1,1,100,1,40.0792,-98.8164
405,457,511,USA,484,Georgia State University,160,360,449,367,218,44.74,509,40.0792,-98.8164
567,341,368,USA,418,Georgia Regents University,141,481,482,367,218,45.09,424,40.0792,-98.8164
60,106,78,USA,152,Georgia Institute of Technology,48,36,107,135,218,52.08,80,40.0792,-98.8164
34,204,321,USA,321,Georgetown University,59,122,298,159,218,49.92,113,40.0792,-98.8164
56,235,264,USA,227,George Washington University,87,326,301,192,218,47.46,202,40.0792,-98.8164
567,388,264,USA,371,George Mason University,140,526,450,367,98,45.13,414,40.0792,-98.8164
334,225,136,USA,184,Florida State University,96,411,200,367,218,46.53,252,40.0792,-98.8164
567,540,428,USA,508,Florida International University,179,585,496,367,218,44.5,605,40.0792,-98.8164
567,770,368,USA,793,Florida Institute of Technology,214,871,973,367,218,44.21,823,40.0792,-98.8164
567,796,812,USA,741,Florida Atlantic University,221,714,855,367,218,44.17,856,40.0792,-98.8164
146,41,93,USA,60,Emory University,51,55,67,367,116,51.85,84,40.0792,-98.8164
394,732,812,USA,685,East Carolina University,207,639,699,367,218,44.28,762,40.0792,-98.8164
31,16,15,USA,23,Duke University,20,33,19,74,56,61.55,28,40.0792,-98.8164
233,273,287,USA,338,Drexel University,99,91,362,367,218,46.43,258,40.0792,-98.8164
19,154,136,USA,167,Dartmouth College,28,63,246,40,218,56.35,44,40.0792,-98.8164
567,402,368,USA,724,Creighton University,159,615,824,367,218,44.75,508,40.0792,-98.8164
18,22,25,USA,15,Cornell University,8,11,24,12,14,86.79,10,40.0792,-98.8164
6,12,11,USA,13,Columbia University,4,4,13,13,9,96.14,6,40.0792,-98.8164
493,231,234,USA,203,Colorado State University - Fort Collins,104,257,244,211,148,46.32,271,40.0792,-98.8164
81,565,321,USA,601,Colorado School of Mines,130,690,668,367,218,45.39,365,40.0792,-98.8164
85,511,321,USA,459,College of William and Mary,127,809,611,367,218,45.42,360,40.0792,-98.8164
535,396,645,USA,497,Clemson University,155,510,433,367,218,44.83,483,40.0792,-98.8164
390,809,812,USA,974,Clarkson University,218,685,981,367,218,44.19,835,40.0792,-98.8164
187,590,511,USA,422,City College of New York,111,358,680,31,218,46.12,289,40.0792,-98.8164
215,74,59,USA,106,Case Western Reserve University,57,111,137,50,195,50.28,105,40.0792,-98.8164
160,150,78,USA,225,Carnegie Mellon University,39,165,211,25,23,54,61,40.0792,-98.8164
328,25,19,USA,9,California Institute of Technology,10,13,53,6,7,84.4,12,40.0792,-98.8164
43,99,76,USA,67,Brown University,50,200,121,64,73,52.01,83,40.0792,-98.8164
361,424,287,USA,424,Brigham Young University,137,134,498,298,218,45.15,403,40.0792,-98.8164
342,330,428,USA,195,Brandeis University,107,249,549,51,78,46.29,274,40.0792,-98.8164
373,781,645,USA,705,Bowling Green State University,213,824,910,367,218,44.23,809,40.0792,-98.8164
54,34,37,USA,45,Boston University,41,135,60,303,83,53.43,66,40.0792,-98.8164
97,402,197,USA,363,Boston College,120,386,557,367,218,45.65,326,40.0792,-98.8164
263,671,812,USA,593,Binghamton University,188,853,710,367,218,44.43,647,40.0792,-98.8164
293,540,321,USA,681,Baylor University,172,630,682,367,218,44.59,567,40.0792,-98.8164
567,44,101,USA,41,Baylor College of Medicine,62,199,113,367,218,49.7,121,40.0792,-98.8164
232,606,368,USA,569,Auburn University,167,425,472,367,218,44.63,549,40.0792,-98.8164
455,140,76,USA,85,Arizona State University,55,21,143,367,66,51.13,97,40.0792,-98.8164
567,579,645,USA,771,Albany Medical College,189,720,893,171,218,44.43,650,40.0792,-98.8164
567,809,812,Uruguay,669,University of the Republic (Uruguay),66,871,814,367,218,44.16,867,-32.948,-56.249
567,300,161,United Kingdom,205,University of York,29,406,270,367,218,45.69,325,52.289,-1.259
444,308,161,United Kingdom,239,University of Warwick,27,234,205,210,116,46.05,293,52.289,-1.259
567,754,645,United Kingdom,927,"University of Wales, Trinity Saint David",62,871,1000,367,218,44.2,830,52.289,-1.259
567,732,321,United Kingdom,808,University of Ulster,50,240,747,367,218,44.38,683,52.289,-1.259
257,308,161,United Kingdom,250,University of Sussex,22,553,359,151,57,46.49,253,52.289,-1.259
295,549,428,United Kingdom,553,University of Surrey,39,300,419,217,218,44.7,525,52.289,-1.259
216,486,368,United Kingdom,467,University of Strathclyde,36,305,389,367,218,44.94,453,52.289,-1.259
357,754,812,United Kingdom,707,University of Stirling,58,871,772,367,218,44.26,784,52.289,-1.259
506,281,321,United Kingdom,188,University of St Andrews,28,189,308,145,218,45.89,309,52.289,-1.259
95,130,101,United Kingdom,133,University of Southampton,11,334,115,329,218,48.77,148,52.289,-1.259
209,147,136,United Kingdom,137,University of Sheffield,14,179,129,142,196,48.07,173,52.289,-1.259
63,361,182,United Kingdom,347,University of Reading,24,666,400,258,218,46.4,263,52.289,-1.259
567,540,234,United Kingdom,719,University of Portsmouth,45,765,768,367,218,44.52,597,52.289,-1.259
13,9,7,United Kingdom,12,University of Oxford,2,15,7,7,10,96.46,5,52.289,-1.259
109,140,146,United Kingdom,176,University of Nottingham,10,138,116,131,84,49.02,140,52.289,-1.259
92,53,29,United Kingdom,70,University of Manchester,6,142,43,99,72,53.38,67,52.289,-1.259
179,174,128,United Kingdom,172,University of Liverpool,15,377,154,176,207,47.49,199,52.289,-1.259
567,170,197,United Kingdom,139,University of Leicester,19,385,258,367,218,46.72,240,52.289,-1.259
157,150,136,United Kingdom,141,University of Leeds,13,265,133,62,218,48.41,161,52.289,-1.259
433,637,511,United Kingdom,458,University of Kent,51,861,625,367,218,44.37,692,52.289,-1.259
253,511,511,United Kingdom,557,University of Hull,38,524,602,305,162,44.75,506,52.289,-1.259
567,511,511,United Kingdom,396,University of Hertfordshire,46,839,792,367,218,44.51,604,52.289,-1.259
89,87,82,United Kingdom,144,University of Glasgow,9,402,123,234,218,49.45,128,52.289,-1.259
481,295,428,United Kingdom,174,University of Exeter,30,353,293,264,218,45.59,333,52.289,-1.259
358,671,511,United Kingdom,695,University of Essex,48,871,694,119,218,44.45,632,52.289,-1.259
127,43,65,United Kingdom,37,University of Edinburgh,5,228,54,44,33,54.39,55,52.289,-1.259
567,313,146,United Kingdom,211,University of East Anglia,31,500,349,206,179,45.58,336,52.289,-1.259
567,176,161,United Kingdom,200,University of Dundee,20,216,354,178,218,46.68,242,52.289,-1.259
494,906,511,United Kingdom,603,University of Central Lancashire,65,749,946,367,218,44.09,938,52.289,-1.259
10,13,12,United Kingdom,6,University of Cambridge,1,48,11,2,5,96.81,4,52.289,-1.259
196,106,82,United Kingdom,69,University of Bristol,8,335,92,194,74,49.59,123,52.289,-1.259
567,754,812,United Kingdom,829,University of Brighton,61,766,854,367,218,44.21,824,52.289,-1.259
287,886,812,United Kingdom,772,University of Bradford,60,567,859,367,218,44.21,821,52.289,-1.259
158,138,146,United Kingdom,165,University of Birmingham,12,170,117,65,205,48.7,152,52.289,-1.259
368,353,287,United Kingdom,378,University of Bath,34,478,388,367,218,45.14,405,52.289,-1.259
314,225,287,United Kingdom,207,University of Aberdeen,26,422,273,360,199,46.17,285,52.289,-1.259
447,18,15,United Kingdom,22,University College London,3,67,12,21,27,62.27,27,52.289,-1.259
428,699,645,United Kingdom,566,Swansea University,57,595,523,367,218,44.32,729,52.289,-1.259
567,262,368,United Kingdom,476,"St George's, University of London",32,648,554,367,218,45.55,340,52.289,-1.259
567,837,511,United Kingdom,550,"Royal Veterinary College, University of London",63,746,896,246,218,44.16,874,52.289,-1.259
567,447,428,United Kingdom,306,"Royal Holloway, University of London",40,556,564,367,218,44.67,540,52.289,-1.259
387,313,264,United Kingdom,276,Queen's University Belfast,33,377,306,183,218,45.53,343,52.289,-1.259
319,138,212,United Kingdom,175,Queen Mary University of London,17,255,226,147,218,47.25,209,52.289,-1.259
544,511,511,United Kingdom,429,Plymouth University,43,651,532,367,218,44.54,587,52.289,-1.259
567,549,645,United Kingdom,340,Open University (UK),47,809,616,367,218,44.46,631,52.289,-1.259
222,159,234,United Kingdom,159,Newcastle University,18,365,192,367,218,47.17,212,52.289,-1.259
458,850,812,United Kingdom,677,Manchester Metropolitan University,64,721,941,367,218,44.14,885,52.289,-1.259
567,646,511,United Kingdom,806,Loughborough University,52,480,512,367,218,44.37,694,52.289,-1.259
567,164,264,United Kingdom,294,London School of Hygiene & Tropical Medicine,21,736,300,367,159,46.59,246,52.289,-1.259
65,590,264,United Kingdom,739,London School of Economics,25,871,503,78,91,46.22,279,52.289,-1.259
567,606,511,United Kingdom,395,Liverpool John Moores University,53,871,723,367,218,44.37,696,52.289,-1.259
360,369,234,United Kingdom,398,Lancaster University,35,673,364,367,218,45.08,426,52.289,-1.259
190,74,101,United Kingdom,116,King's College London,7,188,76,27,114,51.31,94,52.289,-1.259
567,606,321,United Kingdom,533,Keele University,49,853,659,367,218,44.4,674,52.289,-1.259
82,19,23,United Kingdom,26,Imperial College London,4,47,19,90,30,59.61,35,52.289,-1.259
335,715,812,United Kingdom,597,Heriot-Watt University,55,439,601,367,218,44.35,707,52.289,-1.259
267,242,197,United Kingdom,199,Durham University,23,460,248,132,116,46.42,261,52.289,-1.259
176,770,812,United Kingdom,762,Cranfield University,44,549,763,367,218,44.52,594,52.289,-1.259
122,880,812,United Kingdom,861,City University London,41,601,785,367,218,44.64,545,52.289,-1.259
218,170,146,United Kingdom,153,Cardiff University,16,193,178,321,143,47.46,201,52.289,-1.259
236,437,511,United Kingdom,676,Brunel University,37,667,497,367,218,44.86,472,52.289,-1.259
567,622,428,United Kingdom,339,"Birkbeck, University of London",54,871,724,300,218,44.37,698,52.289,-1.259
370,529,511,United Kingdom,568,Bangor University,42,342,622,260,218,44.59,568,52.289,-1.259
355,754,645,United Kingdom,895,Aston University,56,306,827,367,218,44.33,720,52.289,-1.259
567,754,511,United Kingdom,552,Aberystwyth University,59,607,842,367,218,44.22,814,52.289,-1.259
521,906,812,United Arab Emirates,851,United Arab Emirates University,1,689,994,367,218,44.08,950,23.9299,53.9031
567,809,645,Uganda,656,Makerere University,1,871,882,367,218,44.16,869,1.9392,32.7415
120,659,511,Turkey,879,Middle East Technical University,1,871,550,367,218,44.87,470,39.144,34.188
386,558,645,Turkey,560,Istanbul University,2,871,684,253,218,44.48,623,39.144,34.188
440,699,368,Turkey,875,Istanbul Technical University,5,839,646,367,218,44.31,742,39.144,34.188
567,549,428,Turkey,630,Hacettepe University,3,871,658,367,218,44.45,634,39.144,34.188
468,809,645,Turkey,942,Gazi University,9,871,750,367,218,44.18,852,39.144,34.188
567,699,511,Turkey,839,Ege University,6,871,761,367,218,44.27,779,39.144,34.188
567,906,812,Turkey,957,Dokuz Eylül University,10,871,931,367,218,44.07,954,39.144,34.188
519,781,511,Turkey,766,Boğaziçi University,7,824,843,367,218,44.19,837,39.144,34.188
475,796,812,Turkey,789,Bilkent University,8,871,781,367,218,44.19,842,39.144,34.188
341,699,511,Turkey,728,Ankara University,4,871,743,367,218,44.33,725,39.144,34.188
567,447,368,Thailand,372,Mahidol University,2,861,476,367,218,44.69,532,15.688,100.845
57,558,511,Thailand,734,Chulalongkorn University,1,871,584,367,218,45.86,311,15.688,100.845
550,754,511,Thailand,753,Chiang Mai University,3,871,847,367,218,44.21,818,15.688,100.845
567,946,812,Taiwan,984,Yuan Ze University,20,871,923,367,218,44.05,979,23.6091,120.8353
567,781,645,Taiwan,883,Taipei Medical University,12,661,499,367,218,44.23,807,23.6091,120.8353
567,495,511,Taiwan,517,National Yang-Ming University,5,824,345,367,218,44.65,542,23.6091,120.8353
520,375,428,Taiwan,425,National Tsing Hua University,4,731,238,262,218,45.14,407,23.6091,120.8353
567,886,812,Taiwan,991,National Taiwan University of Science and Technology,15,823,598,367,218,44.12,916,23.6091,120.8353
25,204,182,Taiwan,223,National Taiwan University,1,695,46,92,218,54.23,57,23.6091,120.8353
413,946,812,Taiwan,940,National Taiwan Ocean University,17,871,790,367,218,44.08,946,23.6091,120.8353
478,906,645,Taiwan,939,National Taiwan Normal University,16,871,731,367,218,44.1,932,23.6091,120.8353
567,781,511,Taiwan,950,National Sun Yat-sen University,11,871,461,367,218,44.24,803,23.6091,120.8353
211,606,511,Taiwan,682,National Chung Hsing University,6,871,412,367,218,44.65,544,23.6091,120.8353
567,809,645,Taiwan,991,National Chung Cheng University,13,871,796,367,218,44.17,865,23.6091,120.8353
206,413,428,Taiwan,651,National Chiao Tung University,3,871,240,367,218,45.24,386,23.6091,120.8353
52,388,812,Taiwan,485,National Cheng Kung University,2,436,164,367,218,46.97,226,23.6091,120.8353
567,520,511,Taiwan,468,National Central University,8,839,384,225,218,44.6,564,23.6091,120.8353
567,699,812,Taiwan,854,Kaohsiung Medical University,10,661,539,367,218,44.29,757,23.6091,120.8353
446,958,812,Taiwan,887,Fu Jen Catholic University,19,824,984,367,218,44.06,971,23.6091,120.8353
434,975,812,Taiwan,991,Feng Chia University,21,871,902,367,218,44.04,983,23.6091,120.8353
320,921,812,Taiwan,962,Chung Yuan Christian University,14,871,779,249,218,44.16,875,23.6091,120.8353
567,946,645,Taiwan,973,Chung Shan Medical University,18,871,727,367,218,44.06,967,23.6091,120.8353
567,671,812,Taiwan,686,China Medical University (Taiwan),9,871,428,367,218,44.35,708,23.6091,120.8353
567,520,812,Taiwan,598,Chang Gung University,7,824,344,367,218,44.6,563,23.6091,120.8353
389,56,68,Switzerland,46,University of Zurich,4,137,56,115,85,51.14,96,46.7794,8.0329
567,671,812,Switzerland,635,University of Neuchâtel,9,640,863,352,218,44.29,758,46.7794,8.0329
423,117,115,Switzerland,101,University of Lausanne,6,683,235,102,218,47.73,186,46.7794,8.0329
191,79,115,Switzerland,77,University of Geneva,3,321,122,35,42,51.46,92,46.7794,8.0329
252,579,428,Switzerland,428,University of Fribourg,8,787,734,232,218,44.58,573,46.7794,8.0329
526,159,93,Switzerland,128,University of Bern,7,433,163,184,213,47.49,200,46.7794,8.0329
363,130,136,Switzerland,100,University of Basel,5,486,167,83,60,48.48,160,46.7794,8.0329
64,79,39,Switzerland,27,Swiss Federal Institute of Technology in Zurich,1,57,44,17,17,66.93,20,46.7794,8.0329
74,110,39,Switzerland,114,Swiss Federal Institute of Technology in Lausanne,2,58,124,367,116,51.47,91,46.7794,8.0329
321,103,93,Sweden,75,Uppsala University,3,871,95,73,70,49.57,124,66.2188,19
294,197,136,Sweden,197,University of Gothenburg,6,871,217,257,116,46.79,237,66.2188,19
567,219,212,Sweden,198,Umeå University,7,871,275,367,218,46.14,287,66.2188,19
567,353,428,Sweden,268,Swedish University of Agricultural Sciences,10,871,393,146,218,45.12,416,66.2188,19
79,179,88,Sweden,89,Stockholm University,5,839,202,129,187,48.23,168,66.2188,19
30,318,321,Sweden,300,Royal Institute of Technology,4,797,221,199,105,49.54,126,66.2188,19
529,549,428,Sweden,747,Örebro University,11,871,816,367,218,44.44,639,66.2188,19
466,60,53,Sweden,135,Lund University,2,871,85,136,169,49.75,117,66.2188,19
237,324,368,Sweden,401,Linköping University,8,871,323,367,218,45.47,355,66.2188,19
567,34,52,Sweden,54,Karolinska Institute,1,743,51,149,36,52.79,71,66.2188,19
311,349,428,Sweden,426,Chalmers University of Technology,9,871,367,361,218,45.16,402,66.2188,19
408,471,428,Spain,675,University of Zaragoza,14,276,342,366,218,44.83,484,40.617,-3.388
567,622,428,Spain,822,University of Vigo,23,621,577,367,218,44.38,686,40.617,-3.388
454,850,812,Spain,888,University of Valladolid,31,407,691,367,218,44.19,841,40.617,-3.388
470,256,264,Spain,348,University of Valencia,4,548,208,367,218,46.03,294,40.617,-3.388
567,480,511,Spain,387,University of the Basque Country,15,266,318,367,218,44.83,485,40.617,-3.388
567,590,428,Spain,558,University of the Balearic Islands,20,503,629,367,218,44.41,660,40.617,-3.388
564,529,428,Spain,516,University of Seville,10,104,339,367,218,45.17,398,40.617,-3.388
489,373,287,Spain,600,University of Santiago de Compostela,7,126,385,367,218,45.4,363,40.617,-3.388
491,565,511,Spain,483,University of Salamanca,18,736,544,367,218,44.44,637,40.617,-3.388
539,495,428,Spain,445,University of Oviedo,16,579,440,367,218,44.61,559,40.617,-3.388
76,503,511,Spain,722,University of Navarra,6,645,578,367,218,45.56,338,40.617,-3.388
567,781,428,Spain,703,University of Murcia,29,479,541,367,218,44.24,799,40.617,-3.388
567,781,645,Spain,830,University of Málaga,24,203,660,367,218,44.37,693,40.617,-3.388
567,837,812,Spain,850,University of Lleida,34,809,883,367,218,44.14,894,40.617,-3.388
567,529,645,Spain,336,University of La Laguna,17,661,514,367,218,44.51,603,40.617,-3.388
567,896,645,Spain,871,University of Jaén,37,563,920,367,218,44.09,935,40.617,-3.388
567,424,321,Spain,449,University of Granada,11,190,303,367,218,45.06,431,40.617,-3.388
567,579,645,Spain,843,University of Girona,21,756,662,367,218,44.4,673,40.617,-3.388
567,826,812,Spain,958,University of Extremadura,33,630,766,367,218,44.16,872,40.617,-3.388
567,659,812,Spain,725,University of Córdoba (Spain),26,633,632,367,218,44.32,734,40.617,-3.388
567,671,812,Spain,751,University of Castilla–La Mancha,27,519,627,367,218,44.31,738,40.617,-3.388
523,646,428,Spain,587,University of Cantabria,25,571,603,367,218,44.35,709,40.617,-3.388
567,969,812,Spain,816,University of Cádiz,36,311,850,367,218,44.1,930,40.617,-3.388
226,83,93,Spain,108,University of Barcelona,1,215,61,367,218,49.79,116,40.617,-3.388
567,896,812,Spain,974,University of Almería,38,681,967,367,218,44.09,940,40.617,-3.388
567,686,812,Spain,779,University of Alicante,22,262,666,367,218,44.38,681,40.617,-3.388
567,796,812,Spain,657,University of Alcalá,32,608,746,367,218,44.18,849,40.617,-3.388
567,975,812,Spain,974,University of A Coruña,40,651,886,367,218,44.02,999,40.617,-3.388
212,770,645,Spain,697,Technical University of Madrid,12,110,470,215,218,45.03,435,40.617,-3.388
567,579,428,Spain,573,Rovira i Virgili University,19,485,555,367,218,44.44,644,40.617,-3.388
567,921,812,Spain,831,Public University of Navarre,39,697,972,367,218,44.07,959,40.617,-3.388
567,318,428,Spain,164,Pompeu Fabra University,9,604,397,367,218,45.31,375,40.617,-3.388
567,437,645,Spain,505,Polytechnic University of Valencia,13,155,386,367,218,45.02,440,40.617,-3.388
330,540,368,Spain,576,Polytechnic University of Catalonia,8,85,371,367,218,45.36,370,40.617,-3.388
567,699,812,Spain,617,Miguel Hernández University of Elche,28,497,757,367,218,44.28,767,40.617,-3.388
567,741,645,Spain,958,Jaume I University,30,643,794,367,218,44.23,808,40.617,-3.388
68,335,368,Spain,309,Complutense University of Madrid,2,256,215,86,214,46.96,228,40.617,-3.388
567,946,812,Spain,958,Carlos III University of Madrid,35,383,643,367,218,44.1,927,40.617,-3.388
460,262,321,Spain,256,Autonomous University of Madrid,5,443,225,367,218,45.92,304,40.617,-3.388
567,213,264,Spain,220,Autonomous University of Barcelona,3,277,144,367,218,46.72,241,40.617,-3.388
45,235,321,South Korea,326,Yonsei University,2,23,140,367,218,51.02,98,36.338,128.16
417,867,812,South Korea,974,Yeungnam University,25,231,761,367,218,44.27,770,36.338,128.16
436,424,645,South Korea,599,University of Ulsan,17,370,421,367,218,44.79,495,36.338,128.16
567,921,645,South Korea,907,University of Seoul,30,259,989,367,218,44.17,860,36.338,128.16
567,984,645,South Korea,912,Ulsan National Institute of Science and Technology,36,349,880,367,218,44.06,973,36.338,128.16
225,270,161,South Korea,317,Sungkyunkwan University,7,69,194,367,218,47.19,211,36.338,128.16
567,921,812,South Korea,798,Sogang University,21,115,806,367,218,44.56,581,36.338,128.16
9,112,146,South Korea,163,Seoul National University,1,6,36,367,218,64.82,24,36.338,128.16
567,837,812,South Korea,845,Sejong University,31,466,788,367,218,44.16,868,36.338,128.16
401,503,428,South Korea,488,Pusan National University,16,147,398,367,218,44.94,452,36.338,128.16
567,896,812,South Korea,962,Pukyong National University,33,356,906,367,218,44.13,898,36.338,128.16
567,281,212,South Korea,355,Pohang University of Science and Technology,5,24,285,367,218,48.24,165,36.338,128.16
412,413,321,South Korea,625,Kyungpook National University,8,66,355,367,218,45.92,307,36.338,128.16
495,558,645,South Korea,584,Kyung Hee University,12,95,380,245,218,45.16,401,36.338,128.16
58,273,321,South Korea,411,Korea University,3,26,172,367,218,49.79,115,36.338,128.16
194,289,368,South Korea,283,Korea Advanced Institute of Science and Technology (KAIST),4,8,183,367,218,48.95,144,36.338,128.16
388,686,812,South Korea,748,Konkuk University,22,204,533,367,218,44.51,602,36.338,128.16
567,781,645,South Korea,819,Kangwon National University,27,428,706,367,218,44.22,812,36.338,128.16
567,809,812,South Korea,928,Inje University,28,331,838,367,218,44.22,813,36.338,128.16
381,565,511,South Korea,780,Inha University,20,273,568,367,218,44.56,578,36.338,128.16
168,396,368,South Korea,471,Hanyang University,6,31,286,367,218,47.6,192,36.338,128.16
567,921,812,South Korea,908,Hallym University,35,565,884,367,218,44.08,952,36.338,128.16
567,606,645,South Korea,673,Gyeongsang National University,15,93,633,367,218,45.04,434,36.338,128.16
567,529,368,South Korea,538,Gwangju Institute of Science and Technology,9,54,540,367,218,45.88,310,36.338,128.16
567,932,812,South Korea,880,Gachon University,34,451,918,367,218,44.08,951,36.338,128.16
567,457,645,South Korea,509,Ewha Womans University,11,107,462,367,218,45.2,390,36.338,128.16
305,997,812,South Korea,917,Dongguk University,19,108,927,367,218,44.61,560,36.338,128.16
567,896,645,South Korea,948,Dankook University,29,241,888,367,218,44.2,834,36.338,128.16
567,622,645,South Korea,563,Chungnam National University,23,290,470,367,218,44.47,628,36.338,128.16
567,809,812,South Korea,859,Chungbuk National University,26,319,745,367,218,44.23,806,36.338,128.16
461,886,511,South Korea,781,Chung-Ang University,24,218,637,367,218,44.29,756,36.338,128.16
567,991,812,South Korea,984,Chosun University,32,209,942,367,218,44.15,878,36.338,128.16
547,437,511,South Korea,589,Chonnam National University,10,109,405,367,218,45.27,384,36.338,128.16
567,646,812,South Korea,774,Chonbuk National University,13,83,507,367,218,45.09,422,36.338,128.16
567,590,645,South Korea,792,Catholic University of Korea,18,139,576,367,218,44.74,511,36.338,128.16
426,671,645,South Korea,729,Ajou University,14,89,646,367,218,45.04,433,36.338,128.16
32,447,321,South Africa,237,University of the Witwatersrand,1,291,442,61,172,48.75,149,-31.7,23.441
262,741,511,South Africa,513,University of Pretoria,5,604,620,367,218,44.39,678,-31.7,23.441
148,579,368,South Africa,397,University of KwaZulu-Natal,4,539,562,367,218,44.85,478,-31.7,23.441
126,265,234,South Africa,236,University of Cape Town,2,268,319,104,146,46.58,248,-31.7,23.441
66,486,321,South Africa,503,Stellenbosch University,3,219,520,367,218,45.92,306,-31.7,23.441
567,754,511,Slovenia,820,University of Maribor,2,752,853,367,218,44.21,820,46.037,14.534
567,457,321,Slovenia,415,University of Ljubljana,1,507,341,367,218,44.77,504,46.037,14.534
567,590,645,Slovak Republic,624,Comenius University in Bratislava,1,871,707,367,218,44.38,685,48.8595,19.4434
98,90,78,Singapore,125,National University of Singapore,1,25,34,367,218,53.44,65,1.3389,103.8297
567,204,212,Singapore,361,Nanyang Technological University,2,32,102,367,218,49.29,135,1.3389,103.8297
567,715,511,Serbia,694,University of Belgrade,1,824,422,276,218,44.33,726,44.021,20.699
182,837,645,Saudi Arabia,539,King Saud University,1,232,560,367,218,44.59,569,24.191,44.32
234,984,812,Saudi Arabia,950,King Fahd University of Petroleum and Minerals,3,871,934,367,218,44.19,847,24.191,44.32
567,946,812,Saudi Arabia,529,King Abdullah University of Science and Technology,2,182,691,367,126,44.36,704,24.191,44.32
449,994,645,Saudi Arabia,430,King Abdulaziz University,4,839,595,367,218,44.03,995,24.191,44.32
250,754,645,Russia,574,Saint Petersburg State University,3,816,621,47,218,45.14,406,64.736,104.062
567,991,645,Russia,858,Novosibirsk State University,5,871,819,167,218,44.04,985,64.736,104.062
567,671,428,Russia,699,National Research Nuclear University MEPhI,4,871,957,306,218,44.29,755,64.736,104.062
339,1000,812,Russia,605,Moscow Institute of Physics and Technology,2,839,949,23,218,46.55,250,64.736,104.062
175,344,287,Russia,254,Lomonosov Moscow State University,1,861,268,14,48,54.19,59,64.736,104.062
567,975,645,Romania,804,University of Bucharest,1,871,845,237,218,44.04,986,45.933,25.119
567,958,812,Romania,855,Babeș-Bolyai University,2,871,874,367,218,44.04,987,45.933,25.119
567,921,645,Puerto Rico,793,University of Puerto Rico at Mayagüez,1,871,998,367,218,44.06,962,18.242,-66.643
567,969,812,Portugal,845,University of the Algarve,7,816,926,367,218,44.03,996,40.957,-7.9373
316,341,264,Portugal,380,University of Porto,2,405,266,94,90,45.91,308,40.957,-7.9373
567,606,287,Portugal,652,University of Minho,6,363,588,367,218,44.46,629,40.957,-7.9373
465,251,197,Portugal,296,University of Lisbon,1,495,155,337,152,46.43,257,40.957,-7.9373
567,424,645,Portugal,423,University of Coimbra,3,459,415,359,218,44.75,507,40.957,-7.9373
567,590,511,Portugal,680,University of Aveiro,4,212,413,367,218,44.61,557,40.957,-7.9373
567,540,645,Portugal,477,Universidade Nova de Lisboa,5,590,506,367,218,44.49,612,40.957,-7.9373
409,946,645,Poland,947,Wrocław University of Technology,8,861,798,367,218,44.09,944,52.442,19.72
545,579,287,Poland,757,Warsaw University of Technology,3,824,696,344,218,44.43,646,52.442,19.72
567,880,645,Poland,842,University of Wrocław,7,871,736,355,218,44.12,921,52.442,19.72
562,437,428,Poland,462,University of Warsaw,2,716,409,118,150,44.91,462,52.442,19.72
567,932,511,Poland,864,University of Silesia,9,871,867,367,218,44.06,964,52.442,19.72
567,867,511,Poland,821,Nicolaus Copernicus University in Toruń,6,698,873,367,218,44.12,911,52.442,19.72
567,375,645,Poland,465,Jagiellonian University,1,355,403,367,218,44.94,451,52.442,19.72
279,896,511,Poland,891,AGH University of Science and Technology,4,398,708,267,218,44.26,782,52.442,19.72
567,932,812,Poland,775,Adam Mickiewicz University in Poznań,5,657,675,150,218,44.14,890,52.442,19.72
567,447,287,Norway,407,University of Tromsø - The Arctic University of Norway,4,824,493,367,218,44.7,527,61.3701,9.3031
286,102,101,Norway,134,University of Oslo,1,302,106,53,40,50.81,99,61.3701,9.3031
567,227,212,Norway,201,University of Bergen,3,871,229,367,218,46.18,283,61.3701,9.3031
119,273,212,Norway,366,Norwegian University of Science and Technology,2,327,279,252,75,46.67,243,61.3701,9.3031
567,715,511,Norway,570,Norwegian University of Life Sciences,5,782,769,367,218,44.26,789,61.3701,9.3031
223,646,645,New Zealand,469,Victoria University of Wellington,4,809,606,317,218,44.54,588,-42.558,172.377
474,906,511,New Zealand,870,University of Waikato,6,703,945,367,218,44.09,937,-42.558,172.377
377,313,287,New Zealand,353,University of Otago,2,542,312,367,218,45.44,357,-42.558,172.377
195,606,428,New Zealand,437,University of Canterbury,3,871,569,190,218,44.68,533,-42.558,172.377
419,256,234,New Zealand,260,University of Auckland,1,125,253,235,218,46.38,266,-42.558,172.377
496,579,812,New Zealand,554,Massey University,5,723,570,367,218,44.42,658,-42.558,172.377
512,235,234,Netherlands,168,Wageningen University and Research Centre,10,477,214,293,175,46.26,276,52.1704,5.0102
385,79,68,Netherlands,120,VU University Amsterdam,6,871,79,367,218,49.44,129,52.1704,5.0102
199,46,59,Netherlands,44,Utrecht University,2,429,39,84,115,51.74,87,52.1704,5.0102
511,358,368,Netherlands,511,University of Twente,12,288,343,367,218,45.14,408,52.1704,5.0102
193,67,68,Netherlands,96,University of Groningen,4,316,64,313,196,50.1,110,52.1704,5.0102
317,60,93,Netherlands,88,University of Amsterdam,5,282,70,109,212,49.83,114,52.1704,5.0102
289,732,428,Netherlands,878,Tilburg University,13,871,566,367,218,44.37,689,52.1704,5.0102
274,74,93,Netherlands,119,Radboud University Nijmegen,7,410,89,128,218,49.3,134,52.1704,5.0102
567,156,234,Netherlands,354,Maastricht University,8,281,185,367,218,47,225,52.1704,5.0102
567,56,53,Netherlands,94,Leiden University,3,260,82,120,102,50.17,108,52.1704,5.0102
46,44,53,Netherlands,147,Erasmus University Rotterdam,1,227,87,367,189,51.78,85,52.1704,5.0102
347,318,321,Netherlands,549,Eindhoven University of Technology,11,279,306,367,186,45.51,348,52.1704,5.0102
300,247,264,Netherlands,224,Delft University of Technology,9,146,224,307,218,46.46,255,52.1704,5.0102
567,741,428,Mexico,579,National Polytechnic Institute,2,620,573,330,218,44.26,786,22.925,-101.68
546,330,368,Mexico,219,National Autonomous University of Mexico,1,486,199,282,218,45.58,334,22.925,-101.68
567,809,428,Malaysia,888,"University of Science, Malaysia",1,94,669,367,218,44.84,482,4.416,102.099
138,741,428,Malaysia,877,University of Malaya,2,274,572,367,218,44.79,498,4.416,102.099
567,989,812,Malaysia,900,"Putra University, Malaysia",3,114,860,367,218,44.49,610,4.416,102.099
567,715,645,Lithuania,642,Vilnius University,1,684,799,340,218,44.25,791,55.342,24.23
247,880,812,Lebanon,892,American University of Beirut,1,871,915,114,218,44.38,682,34.161,36.021
217,809,645,Japan,865,Yokohama National University,28,440,909,88,135,44.72,518,35.962,137.855
231,520,645,Japan,370,Yokohama City University,27,359,685,367,218,44.73,513,35.962,137.855
567,732,645,Japan,787,Yamaguchi University,41,202,753,367,218,44.42,657,35.962,137.855
567,686,812,Japan,736,Yamagata University,52,535,775,367,218,44.29,760,35.962,137.855
8,388,368,Japan,389,Waseda University,4,248,406,288,218,58.17,38,35.962,137.855
567,715,645,Japan,862,University of Yamanashi,51,382,869,367,218,44.29,759,35.962,137.855
567,242,212,Japan,255,University of Tsukuba,12,213,230,202,107,46.41,262,35.962,137.855
307,646,645,Japan,760,University of Toyama,42,871,685,367,218,44.41,666,35.962,137.855
3,29,31,Japan,19,University of Tokyo,1,7,14,16,38,78.23,13,35.962,137.855
567,529,645,Japan,453,University of Tokushima,26,247,643,107,218,44.73,512,35.962,137.855
567,796,645,Japan,663,University of the Ryukyus,64,618,922,367,218,44.18,855,35.962,137.855
567,826,645,Japan,692,University of Miyazaki,62,393,952,290,218,44.19,839,35.962,137.855
567,686,511,Japan,475,University of Hyogo,53,787,813,367,218,44.28,763,35.962,137.855
567,850,812,Japan,797,University of Fukui,68,610,950,367,218,44.13,900,35.962,137.855
567,906,645,Japan,833,University of Electro-Communications,63,332,857,161,218,44.19,840,35.962,137.855
343,741,511,Japan,721,Tottori University,49,390,908,367,218,44.32,736,35.962,137.855
567,480,511,Japan,594,Tokyo Women's Medical University,32,362,787,367,218,44.61,555,35.962,137.855
567,457,428,Japan,530,Tokyo University of Science,23,191,530,367,218,44.84,481,35.962,137.855
567,606,511,Japan,756,Tokyo University of Agriculture and Technology,38,264,641,367,218,44.47,624,35.962,137.855
415,413,321,Japan,460,Tokyo Metropolitan University,25,574,593,367,218,44.78,501,35.962,137.855
567,335,645,Japan,352,Tokyo Medical and Dental University,15,272,473,367,218,45.2,392,35.962,137.855
50,190,136,Japan,169,Tokyo Institute of Technology,8,52,169,170,128,50.13,109,35.962,137.855
567,540,645,Japan,644,Tokai University,37,448,721,367,218,44.48,622,35.962,137.855
170,119,115,Japan,127,Tohoku University,6,22,68,41,218,52.57,73,35.962,137.855
567,699,812,Japan,824,Toho University,46,787,836,367,159,44.33,727,35.962,137.855
567,850,812,Japan,767,Teikyo University,70,803,966,367,218,44.12,908,35.962,137.855
567,715,645,Japan,759,Showa University,59,727,985,367,218,44.24,800,35.962,137.855
476,826,645,Japan,708,Shizuoka University,39,163,834,367,218,44.43,648,35.962,137.855
517,486,368,Japan,602,Shinshu University,30,244,594,367,218,44.7,529,35.962,137.855
567,850,645,Japan,717,Shimane University,69,695,956,367,218,44.13,903,35.962,137.855
567,637,645,Japan,837,Sapporo Medical University,44,441,975,367,218,44.35,713,35.962,137.855
349,932,511,Japan,609,Saitama University,71,545,959,367,218,44.12,909,35.962,137.855
567,732,645,Japan,586,Saitama Medical University,58,488,993,367,218,44.25,798,35.962,137.855
567,715,812,Japan,791,Saga University,55,435,808,367,218,44.27,773,35.962,137.855
325,984,511,Japan,882,Ritsumeikan University,72,430,906,367,218,44.1,926,35.962,137.855
39,67,182,Japan,58,Osaka University,5,18,50,46,75,56.03,45,35.962,137.855
411,686,812,Japan,671,Osaka Prefecture University,33,187,688,367,218,44.52,598,35.962,137.855
414,471,321,Japan,536,Osaka City University,22,374,484,108,218,44.86,474,35.962,137.855
288,318,287,Japan,335,Okayama University,11,60,353,367,218,46.59,245,35.962,137.855
285,447,511,Japan,514,Niigata University,20,238,527,367,218,44.88,468,35.962,137.855
565,637,812,Japan,588,Nihon University,21,113,599,301,218,44.86,473,35.962,137.855
567,495,645,Japan,329,Nara Institute of Science and Technology,31,270,773,367,218,44.63,547,35.962,137.855
322,195,146,Japan,140,Nagoya University,9,78,138,39,53,49.57,125,35.962,137.855
504,921,645,Japan,958,Nagoya Institute of Technology,60,229,825,367,218,44.2,827,35.962,137.855
333,565,368,Japan,525,Nagoya City University,34,400,785,367,218,44.52,599,35.962,137.855
214,529,645,Japan,607,Nagasaki University,24,233,614,299,218,44.82,486,35.962,137.855
567,741,645,Japan,860,Mie University,57,368,835,367,218,44.27,780,35.962,137.855
49,200,264,Japan,182,Kyushu University,7,37,152,367,218,50.6,100,35.962,137.855
16,60,88,Japan,42,Kyoto University,2,16,30,22,24,68.6,17,35.962,137.855
567,637,645,Japan,752,Kyoto Prefectural University of Medicine,47,871,852,367,218,44.33,728,35.962,137.855
567,921,812,Japan,868,Kyoto Institute of Technology,67,287,982,367,218,44.14,887,35.962,137.855
567,699,812,Japan,770,Kurume University,54,473,986,367,218,44.27,771,35.962,137.855
353,409,428,Japan,441,Kumamoto University,17,152,495,308,218,45.11,419,35.962,137.855
567,781,812,Japan,788,Kōchi University,61,536,942,367,218,44.19,838,35.962,137.855
240,335,321,Japan,271,Kobe University,14,301,368,95,116,45.74,320,35.962,137.855
567,646,812,Japan,595,Kitasato University,48,871,725,367,218,44.32,732,35.962,137.855
567,686,428,Japan,712,Kindai University,50,437,680,367,218,44.32,737,35.962,137.855
5,270,368,Japan,246,Keio University,3,80,309,284,218,59.84,34,35.962,137.855
416,381,511,Japan,419,Kanazawa University,18,350,474,367,218,44.92,457,35.962,137.855
281,715,511,Japan,706,Kagoshima University,36,251,733,367,218,44.48,619,35.962,137.855
567,362,428,Japan,498,Juntendo University,19,853,653,367,218,44.9,465,35.962,137.855
567,686,645,Japan,711,Jikei University School of Medicine,56,797,959,367,218,44.27,775,35.962,137.855
567,637,511,Japan,633,Jichi Medical University,45,641,930,367,218,44.33,722,35.962,137.855
567,946,645,Japan,448,Ibaraki University,74,562,999,367,218,44.06,970,35.962,137.855
277,251,287,Japan,173,Hokkaido University,10,53,148,279,135,47.97,178,35.962,137.855
567,273,428,Japan,287,Hiroshima University,13,112,304,367,218,46.12,290,35.962,137.855
505,906,511,Japan,844,Hirosaki University,73,693,951,367,218,44.08,945,35.962,137.855
567,826,645,Japan,917,Hamamatsu University School of Medicine,66,470,990,367,218,44.17,863,35.962,137.855
567,590,511,Japan,531,Gunma University,35,252,627,367,218,44.5,608,35.962,137.855
567,420,645,Japan,291,Graduate University for Advanced Studies,29,871,613,367,218,44.7,524,35.962,137.855
567,606,645,Japan,658,Gifu University,43,403,701,367,218,44.4,670,35.962,137.855
567,837,812,Japan,876,Fukuoka University,65,416,971,367,218,44.17,862,35.962,137.855
514,590,511,Japan,582,Ehime University,40,418,619,367,218,44.43,651,35.962,137.855
567,362,368,Japan,343,Chiba University,16,267,361,367,218,45.11,418,35.962,137.855
567,260,321,Italy,279,Vita-Salute San Raffaele University,11,871,478,367,218,45.61,329,44.3713,11.1084
567,341,212,Italy,464,University of Verona,21,736,508,367,218,45.13,411,44.3713,11.1084
567,396,511,Italy,390,University of Udine,25,634,600,367,218,44.78,500,44.3713,11.1084
450,150,197,Italy,278,University of Turin,5,613,206,315,163,47.04,221,44.3713,11.1084
443,281,287,Italy,286,University of Trieste,13,616,395,367,218,45.54,342,44.3713,11.1084
567,486,368,Italy,556,University of Trento,29,861,488,367,218,44.61,561,44.3713,11.1084
482,369,287,Italy,365,University of Siena,23,712,420,367,218,44.98,446,44.3713,11.1084
567,754,812,Italy,592,University of Sassari,45,805,758,367,218,44.21,817,44.3713,11.1084
567,646,511,Italy,835,University of Salerno,40,525,537,367,218,44.36,703,44.3713,11.1084
567,699,511,Italy,743,University of Salento,43,654,661,367,218,44.28,765,44.3713,11.1084
557,262,287,Italy,272,University of Rome Tor Vergata,9,816,267,367,218,45.79,317,44.3713,11.1084
473,255,212,Italy,360,University of Pisa,8,528,227,273,218,46.03,295,44.3713,11.1084
567,289,428,Italy,332,University of Perugia,14,642,375,367,116,45.53,344,44.3713,11.1084
380,273,264,Italy,381,University of Pavia,10,680,330,295,214,45.64,327,44.3713,11.1084
356,381,368,Italy,463,University of Parma,24,741,438,367,218,44.92,456,44.3713,11.1084
567,437,812,Italy,545,University of Palermo,27,559,452,367,218,44.7,528,44.3713,11.1084
567,119,182,Italy,105,University of Padua,2,351,99,281,218,48.17,169,44.3713,11.1084
459,227,234,Italy,324,University of Naples Federico II,7,792,175,331,218,46.36,268,44.3713,11.1084
567,349,368,Italy,474,University of Modena and Reggio Emilia,22,709,435,367,218,45.04,432,44.3713,11.1084
567,324,287,Italy,305,University of Milan - Bicocca,17,468,390,367,218,45.28,382,44.3713,11.1084
441,106,212,Italy,189,University of Milan,3,438,118,162,182,48.07,172,44.3713,11.1084
567,606,812,Italy,803,University of Messina,38,871,608,367,218,44.37,690,44.3713,11.1084
567,590,645,Italy,678,University of L'Aquila,37,871,655,367,218,44.38,680,44.3713,11.1084
567,579,645,Italy,564,University of Insubria,36,871,705,367,218,44.39,676,44.3713,11.1084
567,285,234,Italy,402,University of Genoa,12,537,299,367,218,45.61,330,44.3713,11.1084
326,227,197,Italy,275,University of Florence,6,564,218,327,94,46.58,247,44.3713,11.1084
567,300,287,Italy,392,University of Ferrara,15,656,416,367,218,45.36,369,44.3713,11.1084
567,457,428,Italy,693,University of Catania,28,853,438,213,218,44.69,531,44.3713,11.1084
567,867,812,Italy,826,University of Camerino,46,724,903,367,218,44.12,919,44.3713,11.1084
567,686,428,Italy,890,University of Calabria,41,700,583,367,218,44.31,745,44.3713,11.1084
567,486,511,Italy,567,University of Cagliari,30,623,518,367,218,44.59,570,44.3713,11.1084
567,396,645,Italy,614,University of Brescia,26,816,585,367,218,44.77,503,44.3713,11.1084
348,161,212,Italy,281,University of Bologna,4,354,136,350,218,47.28,208,44.3713,11.1084
567,867,645,Italy,900,University of Basilicata,47,871,940,367,218,44.12,922,44.3713,11.1084
567,313,511,Italy,322,University of Bari Aldo Moro,16,527,352,367,218,45.31,377,44.3713,11.1084
567,486,645,Italy,641,Second University of Naples,31,824,556,367,218,44.57,575,44.3713,11.1084
567,503,321,Italy,526,Scuola Normale Superiore di Pisa,19,871,548,263,61,45.2,393,44.3713,11.1084
205,130,212,Italy,166,Sapienza University of Rome,1,312,83,67,45,49.97,112,44.3713,11.1084
567,622,511,Italy,637,Roma Tre University,39,756,639,367,218,44.36,701,44.3713,11.1084
567,659,645,Italy,798,Polytechnic University of Turin,34,283,465,367,218,44.43,653,44.3713,11.1084
181,503,428,Italy,510,Polytechnic University of Milan,20,292,358,103,191,45.17,397,44.3713,11.1084
567,565,812,Italy,649,Marche Polytechnic University,35,748,688,367,218,44.41,662,44.3713,11.1084
567,715,812,Italy,813,Magna Græcia University of Catanzaro,44,766,948,367,218,44.24,802,44.3713,11.1084
567,486,812,Italy,406,International School for Advanced Studies,32,768,623,367,218,44.57,576,44.3713,11.1084
567,659,812,Italy,615,"G. d'Annunzio University, Chieti-Pescara",42,871,750,367,218,44.3,747,44.3713,11.1084
555,324,321,Italy,482,Catholic University of the Sacred Heart,18,770,424,367,218,45.22,387,44.3713,11.1084
567,540,645,Italy,623,"""University of Eastern Piedmont ""Amedeo Avogadro""""",33,739,693,367,218,44.46,630,44.3713,11.1084
567,143,234,Israel,63,Weizmann Institute of Science,2,45,246,19,22,57.17,39,30.992,34.834
372,686,812,Israel,479,University of Haifa,7,503,535,367,218,44.36,700,30.992,34.834
107,154,136,Israel,117,Tel Aviv University,3,39,98,77,50,51.75,86,30.992,34.834
180,209,161,Israel,221,Technion – Israel Institute of Technology,4,88,186,45,55,49.12,136,30.992,34.834
164,143,368,Israel,97,Hebrew University of Jerusalem,1,35,120,15,15,65.71,23,30.992,34.834
567,381,428,Israel,379,Ben-Gurion University of the Negev,5,118,277,367,218,45.49,349,30.992,34.834
392,495,645,Israel,410,Bar-Ilan University,6,338,404,280,218,44.71,521,30.992,34.834
529,969,812,Ireland,863,University of Limerick,8,516,892,367,218,44.05,981,53.214,-7.588
112,247,128,Ireland,285,University College Dublin,2,278,288,241,218,46.79,238,53.214,-7.588
430,402,368,Ireland,431,University College Cork,3,195,426,367,218,45.03,436,53.214,-7.588
78,204,115,Ireland,233,"Trinity College, Dublin",1,153,289,338,200,47.73,185,53.214,-7.588
567,646,368,Ireland,714,Royal College of Surgeons in Ireland,5,446,888,367,218,44.35,711,53.214,-7.588
567,809,812,Ireland,710,"National University of Ireland, Maynooth",7,561,992,244,218,44.18,853,53.214,-7.588
567,503,645,Ireland,546,"National University of Ireland, Galway",4,293,588,367,218,44.61,558,53.214,-7.588
567,850,511,Ireland,933,Dublin City University,6,347,803,367,218,44.19,843,53.214,-7.588
567,770,812,Iran,984,University of Tehran,2,871,489,181,218,44.28,768,33.408,54.0418
567,796,812,Iran,899,Tehran University of Medical Sciences,3,871,771,367,218,44.18,854,33.408,54.0418
567,867,812,Iran,991,Tarbiat Modares University,4,871,769,367,218,44.12,912,33.408,54.0418
567,921,645,Iran,962,Shiraz University,7,871,865,367,218,44.07,956,33.408,54.0418
567,732,511,Iran,950,Sharif University of Technology,1,871,563,116,218,44.37,697,33.408,54.0418
567,886,812,Iran,920,Shahid Beheshti University of Medical Sciences,6,871,833,367,218,44.1,931,33.408,54.0418
567,880,645,Iran,923,Isfahan University of Technology,5,871,682,367,218,44.12,914,33.408,54.0418
567,932,645,Iran,962,Amirkabir University of Technology,8,871,725,367,218,44.07,958,33.408,54.0418
567,880,812,India,910,University of Hyderabad,16,871,879,367,218,44.11,925,22.741,78.236
72,796,812,India,763,University of Delhi,2,797,703,240,218,45.3,379,22.741,78.236
346,994,645,India,900,University of Calcutta,14,424,964,140,209,44.14,891,22.741,78.236
567,540,368,India,450,Tata Institute of Fundamental Research,7,792,468,367,218,44.51,601,22.741,78.236
167,540,368,India,786,Panjab University,4,824,720,333,218,44.8,491,22.741,78.236
567,715,645,India,650,Jawaharlal Nehru Centre for Advanced Scientific Research,12,453,868,367,218,44.27,777,22.741,78.236
515,886,428,India,991,Jadavpur University,15,735,849,367,218,44.11,923,22.741,78.236
395,565,428,India,931,Indian Institute of Technology Roorkee,9,871,839,367,218,44.44,638,22.741,78.236
147,796,812,India,943,Indian Institute of Technology Madras,5,317,523,367,218,44.68,534,22.741,78.236
242,686,812,India,974,Indian Institute of Technology Kharagpur,8,644,500,367,218,44.49,614,22.741,78.236
503,715,645,India,848,Indian Institute of Technology Kanpur,11,450,561,174,218,44.34,714,22.741,78.236
59,781,812,India,943,Indian Institute of Technology Delhi,1,625,635,367,218,45.54,341,22.741,78.236
507,699,645,India,815,Indian Institute of Technology Bombay,6,176,521,367,218,44.52,596,22.741,78.236
332,447,511,India,537,Indian Institute of Science,3,239,315,367,218,44.96,448,22.741,78.236
260,741,511,India,904,Banaras Hindu University,10,871,754,243,218,44.39,679,22.741,78.236
567,781,645,India,886,"All India Institute of Medical Sciences, New Delhi",13,839,887,367,218,44.18,851,22.741,78.236
567,369,321,Iceland,295,University of Iceland,1,839,612,367,218,44.91,461,64.826,-18.417
567,659,812,Hungary,720,University of Szeged,4,532,657,367,205,44.32,731,47.174,19.618
567,850,812,Hungary,812,University of Pécs,6,501,962,367,218,44.14,892,47.174,19.618
567,590,428,Hungary,621,University of Debrecen,3,499,687,367,218,44.4,667,47.174,19.618
567,529,511,Hungary,481,Semmelweis University,2,670,650,367,218,44.48,617,47.174,19.618
567,495,287,Hungary,444,Eötvös Loránd University,1,724,559,89,116,44.92,458,47.174,19.618
567,781,645,Hungary,761,Budapest University of Technology and Economics,5,529,740,256,218,44.21,819,47.174,19.618
128,147,128,Hong Kong,204,University of Hong Kong,1,205,139,287,218,48.15,170,22.4114,114.0599
359,300,368,Hong Kong,466,Hong Kong University of Science and Technology,3,185,256,367,218,45.77,319,22.4114,114.0599
166,375,511,Hong Kong,764,Hong Kong Polytechnic University,4,329,259,367,218,45.47,354,22.4114,114.0599
516,565,511,Hong Kong,937,Hong Kong Baptist University,6,691,592,367,218,44.43,649,22.4114,114.0599
567,339,511,Hong Kong,874,City University of Hong Kong,5,387,252,367,218,45.33,373,22.4114,114.0599
479,209,212,Hong Kong,356,Chinese University of Hong Kong,2,168,162,100,116,47.05,220,22.4114,114.0599
567,850,812,Greece,984,University of Thessaly,7,871,875,367,218,44.13,905,39.787,21.617
567,565,511,Greece,704,University of Patras,5,731,510,367,218,44.44,641,39.787,21.617
567,495,645,Greece,836,University of Ioannina,4,871,597,367,218,44.55,582,39.787,21.617
567,420,511,Greece,518,University of Crete,3,871,491,367,218,44.72,515,39.787,21.617
567,659,511,Greece,950,National Technical University of Athens,6,871,514,187,218,44.37,695,39.787,21.617
200,273,428,Greece,416,National and Kapodistrian University of Athens,1,871,245,367,218,45.94,301,39.787,21.617
567,381,511,Greece,683,Aristotle University of Thessaloniki,2,756,340,367,218,44.92,459,39.787,21.617
471,209,321,Germany,231,University of Ulm,22,594,290,367,131,46.24,278,51.3819,9.9877
490,115,146,Germany,122,University of Tübingen,7,226,142,69,103,48.56,156,51.3819,9.9877
172,335,511,Germany,369,University of Stuttgart,27,376,399,82,218,45.79,316,51.3819,9.9877
532,809,428,Germany,732,University of Siegen,53,769,870,367,218,44.17,857,51.3819,9.9877
567,373,511,Germany,591,University of Rostock,35,325,443,364,218,44.96,450,51.3819,9.9877
303,270,287,Germany,241,University of Regensburg,28,522,302,367,218,45.79,318,51.3819,9.9877
567,424,511,Germany,313,University of Potsdam,41,584,485,367,218,44.72,517,51.3819,9.9877
567,826,511,Germany,654,University of Osnabrück,54,871,844,367,218,44.15,876,51.3819,9.9877
567,732,645,Germany,619,University of Oldenburg,52,816,729,367,218,44.24,801,51.3819,9.9877
421,174,136,Germany,192,University of Münster,14,192,170,113,174,47.34,205,51.3819,9.9877
567,300,428,Germany,249,University of Marburg,31,271,329,304,217,45.51,346,51.3819,9.9877
518,867,428,Germany,903,University of Mannheim,55,871,916,367,218,44.13,902,51.3819,9.9877
567,457,812,Germany,394,University of Lübeck,45,629,649,367,218,44.62,552,51.3819,9.9877
567,402,368,Germany,337,University of Konstanz,38,614,475,367,218,44.81,490,51.3819,9.9877
487,143,161,Germany,183,University of Kiel,17,310,232,193,198,47.11,215,51.3819,9.9877
567,289,321,Germany,263,University of Jena,29,457,260,367,218,45.64,328,51.3819,9.9877
567,715,645,Germany,691,University of Hohenheim,51,782,767,367,218,44.25,793,51.3819,9.9877
485,457,368,Germany,507,University of Hanover,39,250,434,367,218,44.8,492,51.3819,9.9877
136,127,101,Germany,126,University of Hamburg,9,677,147,314,135,48.31,162,51.3819,9.9877
567,732,812,Germany,487,University of Greifswald,49,476,714,367,211,44.26,785,51.3819,9.9877
171,184,264,Germany,146,University of Göttingen,11,299,174,43,176,47.98,177,51.3819,9.9877
554,134,146,Germany,202,University of Erlangen-Nuremberg,13,361,176,231,218,47.36,204,51.3819,9.9877
567,178,182,Germany,209,University of Düsseldorf,21,454,297,185,218,46.54,251,51.3819,9.9877
498,216,321,Germany,282,University of Duisburg-Essen,23,348,287,367,218,46.13,288,51.3819,9.9877
132,161,146,Germany,138,University of Cologne,12,421,204,367,201,47.52,197,51.3819,9.9877
567,471,321,Germany,289,University of Bremen,43,515,466,367,218,44.68,535,51.3819,9.9877
249,150,146,Germany,107,University of Bonn,8,341,153,58,65,48.54,158,51.3819,9.9877
567,447,321,Germany,331,University of Bayreuth,42,603,457,367,218,44.71,520,51.3819,9.9877
567,646,812,Germany,684,University of Augsburg,48,792,816,367,218,44.31,739,51.3819,9.9877
118,95,128,Germany,90,Technical University of Munich,3,119,104,37,177,50.58,101,51.3819,9.9877
567,420,368,Germany,528,Technical University of Dortmund,37,284,459,367,218,44.82,487,51.3819,9.9877
271,388,368,Germany,412,Technical University of Berlin,30,177,360,85,218,45.52,345,51.3819,9.9877
375,318,428,Germany,434,Saarland University,33,367,392,367,218,45.33,372,51.3819,9.9877
238,219,182,Germany,359,RWTH Aachen University,18,158,197,357,131,46.9,230,51.3819,9.9877
402,46,46,Germany,61,Ruprecht Karl University of Heidelberg,1,243,69,38,51,52.32,76,51.3819,9.9877
235,265,368,Germany,235,Ruhr University Bochum,25,797,236,367,218,46,296,51.3819,9.9877
567,457,511,Germany,629,Otto-von-Guericke University Magdeburg,44,388,486,367,218,44.68,536,51.3819,9.9877
567,413,812,Germany,345,Martin Luther University of Halle-Wittenberg,40,706,394,358,210,44.79,497,51.3819,9.9877
129,51,53,Germany,55,Ludwig Maximilian University of Munich,2,167,66,42,92,52.16,79,51.3819,9.9877
567,242,511,Germany,266,Leipzig University,26,364,281,326,208,45.94,302,51.3819,9.9877
208,247,146,Germany,280,Karlsruhe Institute of Technology,16,103,193,356,131,47.15,213,51.3819,9.9877
522,606,812,Germany,523,Kaiserslautern University of Technology,47,668,679,367,218,44.37,691,51.3819,9.9877
567,313,264,Germany,357,Justus Liebig University Giessen,32,309,332,367,218,45.43,358,51.3819,9.9877
391,179,287,Germany,179,Julius-Maximilian's University of Würzburg,20,369,216,106,168,46.85,235,51.3819,9.9877
567,164,161,Germany,185,Johannes Gutenberg University of Mainz,19,523,210,367,194,46.88,233,51.3819,9.9877
567,715,511,Germany,666,Jacobs University Bremen,50,533,894,367,218,44.26,787,51.3819,9.9877
567,85,161,Germany,82,Humboldt University of Berlin,5,471,108,291,108,48.64,153,51.3819,9.9877
567,219,287,Germany,245,Hannover Medical School,24,308,322,367,218,46.07,292,51.3819,9.9877
219,124,212,Germany,155,Goethe University Frankfurt,10,328,179,111,89,48.01,176,51.3819,9.9877
548,90,234,Germany,80,Free University of Berlin,4,461,109,76,128,48.78,147,51.3819,9.9877
567,195,146,Germany,212,Dresden University of Technology,15,102,188,367,218,47.25,210,51.3819,9.9877
344,413,368,Germany,457,Darmstadt University of Technology,34,330,376,66,218,45.32,374,51.3819,9.9877
567,622,645,Germany,383,Braunschweig University of Technology,46,343,551,226,218,44.44,636,51.3819,9.9877
567,369,511,Germany,375,Bielefeld University,36,774,480,367,218,44.91,464,51.3819,9.9877
134,134,182,Germany,104,Albert Ludwig University of Freiburg,6,98,156,148,193,48.57,155,51.3819,9.9877
567,308,264,France,232,Versailles Saint-Quentin-en-Yvelines University,15,839,443,367,218,45.36,371,46.656,2.543
567,850,812,France,616,University of Western Brittany,46,599,840,367,218,44.13,896,46.656,2.543
567,932,645,France,950,University of Valenciennes and Hainaut-Cambresis,47,871,866,367,218,44.06,966,46.656,2.543
567,219,264,France,145,University of Strasbourg,7,269,191,71,49,47.89,182,46.656,2.543
567,402,428,France,435,University of Savoy,20,731,490,367,218,44.79,499,46.656,2.543
567,809,812,France,722,University of Rouen,41,414,700,362,218,44.2,831,46.656,2.543
567,420,428,France,341,University of Rennes 1,19,344,351,367,218,44.86,475,46.656,2.543
567,958,645,France,884,University of Reims Champagne-Ardenne,48,544,967,367,218,44.05,978,46.656,2.543
567,671,645,France,470,University of Poitiers,30,754,636,255,148,44.39,675,46.656,2.543
567,699,428,France,782,University of Picardie Jules Verne,35,543,826,367,218,44.28,764,46.656,2.543
567,826,428,France,580,University of Perpignan Via Domitia,40,871,974,160,218,44.21,822,46.656,2.543
567,958,812,France,991,University of Pau and Pays de l'Adour,49,809,980,367,218,44.04,989,46.656,2.543
393,97,115,France,86,University of Paris-Sud,3,324,73,26,26,54.21,58,46.656,2.543
567,579,645,France,744,University of Paris 13,29,700,669,367,218,44.4,672,46.656,2.543
524,837,645,France,495,University of Orléans,43,839,754,367,218,44.15,879,46.656,2.543
567,424,511,France,259,University of Nice Sophia Antipolis,21,513,451,266,218,44.75,505,46.656,2.543
567,447,511,France,420,University of Nantes,22,579,483,367,218,44.67,539,46.656,2.543
462,184,146,France,129,University of Montpellier,12,511,165,289,169,47,224,46.656,2.543
213,437,321,France,342,University of Lorraine,16,208,311,216,190,45.25,385,46.656,2.543
567,770,511,France,814,University of Franche-Comté,39,583,743,302,218,44.22,816,46.656,2.543
567,659,645,France,368,University of Évry Val d'Essonne,34,871,996,367,218,44.3,750,46.656,2.543
567,754,812,France,768,University of Caen Lower Normandy,38,787,637,207,218,44.25,797,46.656,2.543
567,590,812,France,527,University of Burgundy,28,774,513,224,218,44.42,654,46.656,2.543
567,251,234,France,265,University of Bordeaux,14,297,291,354,218,45.96,299,46.656,2.543
567,809,812,France,801,University of Angers,42,550,840,367,218,44.17,859,46.656,2.543
567,511,368,France,400,University Lille 1: Sciences and Technologies,24,546,414,367,218,44.6,562,46.656,2.543
567,637,812,France,499,"University François Rabelais, Tours",31,703,667,201,218,44.37,699,46.656,2.543
404,63,68,France,35,Pierre-and-Marie-Curie University,4,87,31,30,88,53.79,63,46.656,2.543
567,686,287,France,502,"Paul Valéry University, Montpellier III",33,871,837,367,218,44.31,740,46.656,2.543
567,188,321,France,102,Paul Sabatier University - Toulouse III,13,514,158,367,218,46.81,236,46.656,2.543
406,558,812,France,611,Paris-Est Créteil Val-de-Marne University,27,824,732,367,218,44.45,633,46.656,2.543
567,97,115,France,56,Paris Diderot University - Paris 7,6,483,105,127,68,49.33,131,46.656,2.543
567,156,287,France,142,Paris Descartes University,11,455,177,203,218,47.06,217,46.656,2.543
242,646,812,France,672,National Polytechnic Institute of Toulouse,25,413,486,367,218,44.56,580,46.656,2.543
23,906,812,France,834,Mines ParisTech,5,871,977,278,169,50.34,104,46.656,2.543
567,520,645,France,631,Lille 2 University of Health and Law,26,630,821,367,218,44.48,618,46.656,2.543
567,170,234,France,93,Joseph Fourier University,8,160,110,195,218,47.71,188,46.656,2.543
567,850,812,France,486,Jean Monnet University,44,710,626,367,218,44.15,880,46.656,2.543
567,732,645,France,674,Institut national des sciences Appliquées de Lyon,37,558,547,367,218,44.27,772,46.656,2.543
567,388,428,France,520,Grenoble Institute of Technology,17,345,328,144,188,45.06,430,46.656,2.543
7,295,234,France,314,École Polytechnique,1,172,327,98,216,59.2,36,46.656,2.543
567,413,511,France,210,École normale supérieure de Lyon,18,589,481,367,135,44.87,471,46.656,2.543
323,826,428,France,776,École normale supérieure de Cachan,32,871,895,121,218,44.33,721,46.656,2.543
502,295,645,France,157,École normale supérieure - Paris,2,871,379,8,54,58.8,37,46.656,2.543
111,958,812,France,827,École Centrale Paris,23,839,995,367,218,44.63,548,46.656,2.543
255,991,812,France,841,École centrale de Lyon,45,570,856,367,218,44.15,881,46.656,2.543
567,184,234,France,121,Claude Bernard University Lyon 1,10,151,132,367,218,47.31,207,46.656,2.543
567,699,645,France,701,Blaise Pascal University,36,619,735,367,192,44.28,769,46.656,2.543
451,197,182,France,87,Aix-Marseille University,9,230,119,218,218,47.31,206,46.656,2.543
531,330,812,Finland,319,University of Turku,3,568,320,367,218,45.27,383,62.716,26.192
297,362,511,Finland,439,University of Tampere,5,679,526,367,218,45.02,442,62.716,26.192
369,375,368,Finland,344,University of Oulu,6,521,432,275,218,44.96,447,62.716,26.192
525,622,812,Finland,443,University of Jyväskylä,8,805,456,367,218,44.4,671,62.716,26.192
551,65,88,Finland,79,University of Helsinki,1,420,80,56,111,50.04,111,62.716,26.192
567,300,321,Finland,388,University of Eastern Finland,2,861,374,367,218,45.37,366,62.716,26.192
156,796,645,Finland,646,Tampere University of Technology,7,746,816,367,218,44.56,577,62.716,26.192
567,646,645,Finland,679,Åbo Akademi University,9,731,765,367,218,44.32,735,62.716,26.192
224,424,645,Finland,403,Aalto University,4,246,336,367,218,45.1,421,62.716,26.192
567,457,368,Estonia,318,University of Tartu,1,426,586,365,218,44.68,537,58.777,25.977
567,958,645,Egypt,969,Mansoura University,3,871,987,367,218,44.04,988,26.16,28.742
469,781,511,Egypt,730,Cairo University,1,871,697,285,180,44.25,796,26.16,28.742
566,981,645,Egypt,908,Alexandria University,4,871,997,236,218,44.03,997,26.16,28.742
567,932,511,Egypt,832,Ain Shams University,2,871,875,367,218,44.06,965,26.16,28.742
567,295,321,Denmark,327,University of Southern Denmark,4,320,386,367,218,45.46,356,56.113,9.096
149,31,59,Denmark,31,University of Copenhagen,1,432,38,117,64,52.51,74,56.113,9.096
510,216,161,Denmark,230,Technical University of Denmark,3,46,220,351,202,48.06,174,56.113,9.096
165,95,101,Denmark,81,Aarhus University,2,154,91,310,106,49.65,122,56.113,9.096
439,520,287,Denmark,660,Aalborg University,5,401,596,367,218,44.59,565,56.113,9.096
567,946,812,Czech Republic,868,"University of Chemistry and Technology, Prague",5,778,991,367,218,44.05,980,49.848,15.2812
567,659,511,Czech Republic,562,"Palacký University, Olomouc",4,475,739,367,218,44.33,724,49.848,15.2812
567,622,645,Czech Republic,519,Masaryk University,2,705,645,367,218,44.36,702,49.848,15.2812
567,646,428,Czech Republic,816,Czech Technical University in Prague,3,582,673,347,218,44.34,716,49.848,15.2812
560,227,182,Czech Republic,238,Charles University in Prague,1,636,228,238,116,46.32,270,49.848,15.2812
567,886,645,Cyprus,896,University of Cyprus,1,816,820,367,218,44.1,928,34.894,32.928
567,471,428,Croatia,541,University of Zagreb,1,650,553,367,218,44.62,551,45.754,16.385
189,837,428,Colombia,561,University of Los Andes (Colombia),1,749,898,367,218,44.43,652,3.794,-73.606
312,994,812,Colombia,732,National University of Colombia,2,861,871,367,218,44.06,968,3.794,-73.606
427,754,812,China,806,Zhengzhou University,47,749,663,367,218,44.25,795,35.1753,99.3877
567,958,812,China,991,Zhejiang University of Technology,79,672,858,367,218,44.04,984,35.1753,99.3877
309,265,368,China,290,Zhejiang University,4,106,71,367,218,47.66,191,35.1753,99.3877
567,896,812,China,873,Yangzhou University,65,871,891,367,218,44.09,943,35.1753,99.3877
542,984,812,China,974,Xidian University,81,434,830,367,218,44.03,991,35.1753,99.3877
384,958,812,China,935,Xiangtan University,68,778,862,367,218,44.08,949,35.1753,99.3877
80,409,645,China,493,Xiamen University,10,467,331,367,218,45.83,313,35.1753,99.3877
154,606,812,China,583,Xi'an Jiaotong University,13,174,271,367,218,45.21,389,35.1753,99.3877
499,590,428,China,931,Wuhan University of Technology,38,763,738,367,218,44.39,677,35.1753,99.3877
258,396,645,China,612,Wuhan University,19,576,274,367,218,45.13,415,35.1753,99.3877
192,247,368,China,269,University of Science and Technology of China,6,452,128,367,218,46.73,239,35.1753,99.3877
121,886,511,China,937,University of Science and Technology Beijing,29,408,542,367,218,44.7,530,35.1753,99.3877
308,837,812,China,912,University of Electronic Science and Technology of China,45,552,529,367,218,44.26,783,35.1753,99.3877
73,156,65,China,158,Tsinghua University,2,30,63,309,218,52.21,78,35.1753,99.3877
115,671,645,China,480,Tongji University,20,373,346,153,218,45.1,420,35.1753,99.3877
77,606,428,China,934,Tianjin University,12,245,348,367,218,45.61,331,35.1753,99.3877
567,946,812,China,857,Tianjin Medical University,76,839,885,367,218,44.05,976,35.1753,99.3877
567,932,645,China,809,Third Military Medical University,71,721,737,367,218,44.07,957,35.1753,99.3877
254,285,287,China,393,Sun Yat-sen University,8,221,161,367,218,46.25,277,35.1753,99.3877
567,867,645,China,897,Southwest University,60,669,695,268,218,44.14,889,35.1753,99.3877
327,998,812,China,962,Southwest Jiaotong University,82,861,937,367,218,44.03,993,35.1753,99.3877
567,932,812,China,758,Southern Medical University,72,782,801,367,218,44.06,963,35.1753,99.3877
488,480,645,China,702,Southeast University,24,149,369,168,218,45.01,443,35.1753,99.3877
266,471,511,China,620,South China University of Technology,23,196,347,367,218,45.02,439,35.1753,99.3877
452,906,645,China,912,South China Normal University,64,744,674,367,218,44.11,924,35.1753,99.3877
567,932,812,China,811,South China Agricultural University,73,871,877,367,218,44.06,969,35.1753,99.3877
567,565,812,China,773,Soochow University (Suzhou),33,871,396,367,218,44.49,615,35.1753,99.3877
563,447,645,China,478,Sichuan University,26,597,269,367,218,44.85,479,35.1753,99.3877
410,999,645,China,778,Shenzhen University,75,318,976,367,218,44.05,975,35.1753,99.3877
567,622,812,China,929,Shanghai University,39,782,494,367,218,44.38,684,35.1753,99.3877
463,850,812,China,950,Shanghai Normal University,59,871,919,367,218,44.14,888,35.1753,99.3877
143,209,212,China,267,Shanghai Jiao Tong University,3,198,81,335,218,47.96,180,35.1753,99.3877
437,409,511,China,604,Shandong University,18,538,213,367,218,45.13,413,35.1753,99.3877
567,754,645,China,664,Second Military Medical University,44,395,579,367,218,44.27,776,35.1753,99.3877
100,896,812,China,936,Renmin University of China,27,715,965,367,218,44.79,496,35.1753,99.3877
38,125,182,China,131,Peking University,1,20,52,182,218,54.26,56,35.1753,99.3877
567,358,368,China,297,Peking Union Medical College,21,797,324,367,218,45.09,423,35.1753,99.3877
567,809,812,China,735,Ocean University of China,51,541,648,367,218,44.19,846,35.1753,99.3877
351,989,812,China,962,Northwestern Polytechnical University,67,871,566,367,218,44.08,948,35.1753,99.3877
567,837,368,China,848,Northwest University (China),56,871,904,367,218,44.15,877,35.1753,99.3877
315,906,812,China,974,Northeastern University (China),55,698,759,367,218,44.16,871,35.1753,99.3877
567,549,645,China,765,Northeast Normal University,35,871,678,367,218,44.44,640,35.1753,99.3877
135,334,321,China,454,Nankai University,11,419,282,334,218,45.8,315,35.1753,99.3877
567,932,812,China,984,Nanjing University of Technology,49,217,748,367,218,44.22,810,35.1753,99.3877
331,826,368,China,943,Nanjing University of Science and Technology,48,694,796,367,218,44.24,804,35.1753,99.3877
486,867,812,China,974,Nanjing University of Aeronautics and Astronautics,61,853,709,367,218,44.14,895,35.1753,99.3877
362,265,234,China,358,Nanjing University,7,164,134,342,218,46.61,244,35.1753,99.3877
456,850,428,China,709,Nanjing Normal University,53,742,729,367,218,44.17,864,35.1753,99.3877
567,867,812,China,696,Nanjing Medical University,58,761,582,367,218,44.14,886,35.1753,99.3877
567,837,812,China,726,Nanjing Agricultural University,54,601,617,367,218,44.16,866,35.1753,99.3877
567,457,645,China,689,Lanzhou University,28,624,350,367,218,44.72,514,35.1753,99.3877
336,984,812,China,897,Jinan University,70,688,793,367,218,44.07,955,35.1753,99.3877
338,375,645,China,452,Jilin University,14,551,239,220,218,45.2,391,35.1753,99.3877
556,981,812,China,969,Jiangsu University,66,323,808,367,218,44.08,947,35.1753,99.3877
567,770,812,China,912,Jiangnan University,50,628,783,367,218,44.2,828,35.1753,99.3877
291,529,645,China,906,Hunan University,30,816,464,367,218,44.62,553,35.1753,99.3877
567,932,812,China,917,Hunan Normal University,74,871,923,367,218,44.06,972,35.1753,99.3877
282,480,645,China,626,Huazhong University of Science and Technology,16,242,219,367,218,45.16,400,35.1753,99.3877
567,837,645,China,535,Huazhong Agricultural University,52,494,651,367,218,44.17,858,35.1753,99.3877
567,958,812,China,991,Henan Normal University,80,871,959,367,218,44.04,990,35.1753,99.3877
302,932,812,China,974,Hefei University of Technology,57,871,914,367,218,44.15,883,35.1753,99.3877
244,437,645,China,847,Harbin Institute of Technology,17,375,241,367,218,45.14,410,35.1753,99.3877
567,906,645,China,991,Harbin Engineering University,69,839,970,367,218,44.07,953,35.1753,99.3877
399,671,428,China,984,Fuzhou University,41,463,727,367,218,44.35,706,35.1753,99.3877
203,204,368,China,252,Fudan University,5,123,112,367,218,47.56,195,35.1753,99.3877
567,880,645,China,716,Fourth Military Medical University,62,692,609,367,218,44.13,899,35.1753,99.3877
567,471,645,China,828,East China University of Science and Technology,25,184,423,367,218,44.86,477,35.1753,99.3877
272,622,812,China,645,East China Normal University,32,576,436,367,218,44.54,586,35.1753,99.3877
567,622,234,China,962,Donghua University,37,726,805,367,218,44.41,659,35.1753,99.3877
104,409,511,China,667,Dalian University of Technology,9,131,313,367,218,45.92,305,35.1753,99.3877
283,837,645,China,892,Chongqing University,43,809,630,367,218,44.27,774,35.1753,99.3877
558,867,428,China,639,China University of Geosciences (Wuhan),63,752,928,367,218,44.13,904,35.1753,99.3877
567,981,812,China,991,China Pharmaceutical University,83,547,861,367,218,44.02,1000,35.1753,99.3877
567,958,645,China,749,China Medical University (PRC),78,871,804,367,218,44.04,982,35.1753,99.3877
534,590,645,China,362,China Agricultural University,34,572,407,367,218,44.47,627,35.1753,99.3877
131,558,511,China,783,Central South University,22,444,366,367,218,45.02,438,35.1753,99.3877
567,480,511,China,855,Central China Normal University,31,778,631,367,218,44.58,572,35.1753,99.3877
567,741,511,China,754,Capital Medical University,46,871,525,367,218,44.26,788,35.1753,99.3877
567,969,812,China,950,Beijing University of Technology,77,512,780,367,218,44.05,977,35.1753,99.3877
536,715,812,China,984,Beijing University of Chemical Technology,36,214,558,367,218,44.44,642,35.1753,99.3877
567,480,428,China,492,Beijing Normal University,15,755,363,57,218,45.17,396,35.1753,99.3877
567,699,511,China,969,Beijing Institute of Technology,42,569,528,367,218,44.3,749,35.1753,99.3877
383,770,645,China,865,Beihang University,40,307,460,367,218,44.35,705,35.1753,99.3877
567,754,812,Chile,451,University of Concepción,3,505,712,367,218,44.23,805,-23.176,-69.201
173,424,645,Chile,351,University of Chile,2,489,418,242,218,45.08,425,-23.176,-69.201
139,388,645,Chile,310,Pontifical Catholic University of Chile,1,396,446,343,218,45.31,376,-23.176,-69.201
567,946,368,Chile,923,Federico Santa María Technical University,4,645,955,367,218,44.07,960,-23.176,-69.201
106,388,264,Canada,408,York University,15,871,382,367,218,45.56,337,59.2067,-111.1937
298,969,812,Canada,921,Wilfrid Laurier University,30,871,952,367,218,44.13,907,59.2067,-111.1937
41,190,234,Canada,208,Western University (The University of Western Ontario),5,261,149,367,218,49.31,133,59.2067,-111.1937
133,754,812,Canada,912,University of Windsor,22,658,764,367,218,44.68,538,59.2067,-111.1937
124,292,234,Canada,333,University of Waterloo,12,626,190,367,218,46.34,269,59.2067,-111.1937
567,300,234,Canada,328,University of Victoria,16,853,321,367,218,45.48,352,59.2067,-111.1937
51,8,9,Canada,17,University of Toronto,1,145,2,70,32,60.04,32,59.2067,-111.1937
567,413,321,Canada,421,University of Sherbrooke,21,853,454,367,218,44.77,502,59.2067,-111.1937
278,457,287,Canada,442,University of Saskatchewan,20,427,335,336,218,44.92,455,59.2067,-111.1937
567,781,645,Canada,737,University of Regina,27,573,851,367,218,44.19,836,59.2067,-111.1937
422,622,428,Canada,534,University of Québec at Montreal,25,871,537,367,218,44.41,663,59.2067,-111.1937
163,134,212,Canada,194,University of Ottawa,9,496,171,223,218,47.6,193,59.2067,-111.1937
354,886,812,Canada,802,University of New Brunswick,29,591,777,367,218,44.16,870,59.2067,-111.1937
376,90,101,Canada,111,University of Montreal,7,540,101,320,218,48.72,151,59.2067,-111.1937
93,256,212,Canada,308,University of Manitoba,10,175,261,157,155,47.04,222,59.2067,-111.1937
567,867,511,Canada,718,University of Lethbridge,32,853,957,367,218,44.12,917,59.2067,-111.1937
483,344,146,Canada,277,University of Guelph,18,445,325,367,218,45.36,368,59.2067,-111.1937
123,127,101,Canada,180,University of Calgary,8,778,145,367,218,48.23,167,59.2067,-111.1937
275,34,37,Canada,36,University of British Columbia,3,81,26,81,93,53.92,62,59.2067,-111.1937
151,103,82,Canada,109,University of Alberta,4,116,62,169,153,50.25,107,59.2067,-111.1937
509,867,511,Canada,777,Trent University,31,782,923,367,218,44.12,910,59.2067,-111.1937
567,324,368,Canada,303,Simon Fraser University,17,381,284,367,218,45.4,362,59.2067,-111.1937
567,975,511,Canada,969,Ryerson University,33,756,811,367,218,44.03,994,59.2067,-111.1937
155,281,264,Canada,274,Queen's University,13,275,254,322,218,46.18,284,59.2067,-111.1937
567,529,645,Canada,577,Memorial University of Newfoundland,24,653,552,367,218,44.49,611,59.2067,-111.1937
268,87,101,Canada,156,McMaster University,6,222,127,222,163,48.74,150,59.2067,-111.1937
37,34,44,Canada,53,McGill University,2,132,33,34,75,56.49,42,59.2067,-111.1937
273,200,182,Canada,270,Laval University,11,140,207,292,218,46.95,229,59.2067,-111.1937
507,741,511,Canada,921,École Polytechnique de Montréal,26,412,716,367,218,44.27,781,59.2067,-111.1937
137,273,264,Canada,247,Dalhousie University,14,384,280,367,218,46.17,286,59.2067,-111.1937
99,590,645,Canada,745,Concordia University,19,718,545,367,218,45.12,417,59.2067,-111.1937
538,549,264,Canada,739,Carleton University,23,871,479,367,218,44.53,593,59.2067,-111.1937
567,809,511,Canada,727,Brock University,28,638,877,367,218,44.17,861,59.2067,-111.1937
567,796,645,Bulgaria,881,Sofia University,1,871,814,254,218,44.19,845,42.625,24.521
71,164,136,Brazil,186,University of São Paulo,1,710,59,297,218,49.31,132,-11.694,-48.978
567,388,511,Brazil,575,University of Campinas,3,197,295,367,218,45.14,404,-11.694,-48.978
367,921,812,Brazil,688,University of Brasília,11,871,807,367,218,44.12,920,-11.694,-48.978
567,671,511,Brazil,613,"UNESP, São Paulo State University",7,627,356,367,218,44.41,664,-11.694,-48.978
567,770,511,Brazil,910,Rio de Janeiro State University,8,739,760,367,218,44.21,826,-11.694,-48.978
313,958,645,Brazil,892,Fluminense Federal University,9,871,802,367,218,44.12,915,-11.694,-48.978
567,520,368,Brazil,638,Federal University of São Paulo,6,839,504,367,218,44.53,589,-11.694,-48.978
567,906,812,Brazil,948,Federal University of São Carlos,14,774,722,367,218,44.09,941,-11.694,-48.978
396,975,812,Brazil,974,Federal University of Santa Maria,16,871,954,367,218,44.05,974,-11.694,-48.978
567,886,812,Brazil,941,Federal University of Santa Catarina,10,763,606,367,218,44.12,918,-11.694,-48.978
567,529,428,Brazil,578,Federal University of Rio Grande do Sul,5,787,410,367,218,44.55,583,-11.694,-48.978
116,381,645,Brazil,330,Federal University of Rio de Janeiro,2,295,305,125,218,45.72,322,-11.694,-48.978
552,946,812,Brazil,884,Federal University of Pernambuco,13,417,749,367,218,44.09,939,-11.694,-48.978
497,906,812,Brazil,800,Federal University of Paraná,12,772,697,367,218,44.1,934,-11.694,-48.978
425,549,428,Brazil,521,Federal University of Minas Gerais,4,207,417,367,218,44.7,526,-11.694,-48.978
549,975,812,Brazil,823,Federal University of Ceará,18,824,830,367,218,44.03,998,-11.694,-48.978
540,969,645,Brazil,865,Federal University of Bahia,17,774,962,367,218,44.03,992,-11.694,-48.978
567,921,645,Brazil,923,Federal University of ABC,15,871,929,367,218,44.07,961,-11.694,-48.978
567,231,161,Belgium,301,Vrije Universiteit Brussel,5,506,294,110,218,46.21,280,50.6745,4.4588
567,659,645,Belgium,793,University of Mons,10,517,812,367,218,44.31,741,50.6745,4.4588
567,300,234,Belgium,218,University of Liège,7,285,317,143,144,45.73,321,50.6745,4.4588
567,265,234,Belgium,307,University of Antwerp,6,372,265,367,218,45.84,312,50.6745,4.4588
110,170,101,Belgium,214,Université libre de Bruxelles,3,148,236,173,69,48.28,163,50.6745,4.4588
464,699,645,Belgium,700,Université de Namur,8,716,881,164,218,44.32,730,50.6745,4.4588
264,213,115,Belgium,325,Université catholique de Louvain,4,236,283,367,97,46.89,231,50.6745,4.4588
202,46,53,Belgium,92,Katholieke Universiteit Leuven,1,74,35,367,218,52.03,82,50.6745,4.4588
340,699,645,Belgium,904,Hasselt University,9,761,829,367,218,44.32,733,50.6745,4.4588
329,119,68,Belgium,149,Ghent University,2,90,84,123,147,49.73,119,50.6745,4.4588
350,424,321,Austria,377,Vienna University of Technology,5,171,377,363,218,45.08,427,47.65,14.705
185,200,161,Austria,154,University of Vienna,1,671,231,191,101,47.03,223,47.65,14.705
567,809,511,Austria,687,University of Veterinary Medicine Vienna,12,654,872,367,184,44.19,848,47.65,14.705
270,796,812,Austria,738,University of Salzburg,11,871,933,367,218,44.3,753,47.65,14.705
567,659,511,Austria,627,"University of Natural Resources and Life Sciences, Vienna",10,611,778,367,218,44.31,743,47.65,14.705
397,311,287,Austria,222,University of Innsbruck,3,442,430,197,112,45.51,347,47.65,14.705
453,511,812,Austria,547,University of Graz,7,600,571,349,204,44.54,584,47.65,14.705
567,197,212,Austria,228,Medical University of Vienna,2,366,251,367,218,46.39,265,47.65,14.705
567,486,812,Austria,628,Medical University of Graz,6,576,573,367,218,44.58,574,47.65,14.705
378,671,645,Austria,659,Johannes Kepler University of Linz,9,560,742,367,218,44.34,715,47.65,14.705
567,324,812,Austria,413,Innsbruck Medical University,4,678,469,367,218,45.18,395,47.65,14.705
567,622,368,Austria,715,Graz University of Technology,8,404,677,367,218,44.4,669,47.65,14.705
269,424,428,Australia,433,University of Wollongong,10,493,431,367,218,44.88,467,-24.578,133.582
567,850,645,Australia,551,University of Western Sydney,26,647,651,367,218,44.15,882,-24.578,133.582
306,179,368,Australia,181,University of Western Australia,7,399,146,156,145,47.1,216,-24.578,133.582
543,796,511,Australia,668,"University of Technology, Sydney",23,520,580,367,218,44.22,815,-24.578,133.582
567,447,645,Australia,261,University of Tasmania,12,727,429,367,218,44.7,523,-24.578,133.582
198,84,46,Australia,103,University of Sydney,1,75,45,105,166,51.61,88,-24.578,133.582
324,781,812,Australia,746,University of South Australia,21,431,604,367,218,44.3,751,-24.578,133.582
292,99,101,Australia,78,University of Queensland,3,68,65,269,142,50.4,103,-24.578,133.582
567,424,812,Australia,496,University of Newcastle,11,322,408,367,218,44.79,494,-24.578,133.582
70,164,101,Australia,177,University of New South Wales,4,157,90,177,218,49.33,130,-24.578,133.582
251,932,511,Australia,634,University of New England (Australia),22,797,938,367,218,44.22,811,-24.578,133.582
113,71,53,Australia,68,University of Melbourne,2,223,42,141,218,51.34,93,-24.578,133.582
445,318,287,Australia,243,University of Adelaide,8,465,234,219,218,45.58,335,-24.578,133.582
567,606,511,Australia,456,Swinburne University of Technology,20,772,654,367,218,44.38,688,-24.578,133.582
561,837,812,Australia,929,RMIT University,25,585,690,367,218,44.16,873,-24.578,133.582
567,558,511,Australia,750,Queensland University of Technology,18,492,477,367,218,44.48,621,-24.578,133.582
527,770,645,Australia,501,Murdoch University,24,770,827,367,218,44.2,829,-24.578,133.582
145,161,182,Australia,136,Monash University,5,99,86,277,218,48.91,145,-24.578,133.582
304,402,321,Australia,292,Macquarie University,9,530,391,367,218,44.96,449,-24.578,133.582
457,579,812,Australia,455,La Trobe University,19,803,536,367,218,44.44,645,-24.578,133.582
567,457,428,Australia,248,James Cook University,13,665,505,367,218,44.67,541,-24.578,133.582
567,565,368,Australia,500,Griffith University,16,556,436,367,218,44.49,613,-24.578,133.582
567,622,812,Australia,581,Flinders University,17,686,518,122,218,44.48,620,-24.578,133.582
424,529,321,Australia,647,Deakin University,14,636,502,367,218,44.56,579,-24.578,133.582
559,549,511,Australia,384,Curtin University,15,518,425,367,218,44.52,595,-24.578,133.582
567,896,645,Australia,742,Charles Darwin University,27,871,931,367,218,44.09,942,-24.578,133.582
379,188,197,Australia,99,Australian National University,6,415,130,196,52,47.97,179,-24.578,133.582
500,344,321,Argentina,350,University of Buenos Aires,1,871,276,126,180,45.37,367,-33.166,-64.31
513,686,511,Argentina,559,National University of La Plata,2,871,546,367,218,44.31,744,-33.166,-64.31
567,896,645,Argentina,796,National University of Córdoba,3,871,717,367,218,44.1,933,-33.166,-64.31
